time,NDVI,NEE,Re,GPP
1,NA,NA,NA,NA
2,NA,NA,NA,NA
3,NA,NA,NA,NA
4,NA,NA,NA,NA
5,NA,NA,NA,NA
6,NA,NA,NA,NA
7,NA,NA,NA,NA
8,NA,NA,NA,NA
9,NA,NA,NA,NA
10,NA,NA,NA,NA
11,NA,NA,NA,NA
12,NA,NA,NA,NA
13,NA,NA,NA,NA
14,NA,NA,NA,NA
15,NA,NA,NA,NA
16,NA,NA,NA,NA
17,NA,NA,NA,NA
18,NA,NA,NA,NA
19,NA,NA,NA,NA
20,NA,NA,NA,NA
21,NA,NA,NA,NA
22,NA,NA,NA,NA
23,NA,NA,NA,NA
24,NA,NA,NA,NA
25,NA,NA,NA,NA
26,NA,NA,NA,NA
27,NA,NA,NA,NA
28,NA,NA,NA,NA
29,NA,NA,NA,NA
30,NA,NA,NA,NA
31,NA,NA,NA,NA
32,NA,NA,NA,NA
33,NA,NA,NA,NA
34,NA,NA,NA,NA
35,NA,NA,NA,NA
36,NA,NA,NA,NA
37,NA,NA,NA,NA
38,NA,NA,NA,NA
39,NA,NA,NA,NA
40,NA,NA,NA,NA
41,NA,NA,NA,NA
42,NA,NA,NA,NA
43,NA,NA,NA,NA
44,NA,NA,NA,NA
45,NA,NA,NA,NA
46,NA,NA,NA,NA
47,NA,NA,NA,NA
48,NA,NA,NA,NA
49,NA,NA,NA,NA
50,NA,NA,NA,NA
51,NA,NA,NA,NA
52,NA,NA,NA,NA
53,NA,NA,NA,NA
54,NA,NA,NA,NA
55,NA,NA,NA,NA
56,NA,NA,NA,NA
57,NA,NA,NA,NA
58,NA,NA,NA,NA
59,NA,NA,NA,NA
60,NA,NA,NA,NA
61,NA,NA,NA,NA
62,NA,NA,NA,NA
63,NA,NA,NA,NA
64,NA,NA,NA,NA
65,NA,NA,NA,NA
66,NA,NA,NA,NA
67,NA,NA,NA,NA
68,NA,NA,NA,NA
69,NA,NA,NA,NA
70,NA,NA,NA,NA
71,NA,NA,NA,NA
72,NA,NA,NA,NA
73,NA,NA,NA,NA
74,NA,NA,NA,NA
75,NA,NA,NA,NA
76,NA,NA,NA,NA
77,NA,NA,NA,NA
78,NA,NA,NA,NA
79,NA,NA,NA,NA
80,NA,NA,NA,NA
81,NA,NA,NA,NA
82,NA,NA,NA,NA
83,NA,NA,NA,NA
84,NA,NA,NA,NA
85,NA,NA,NA,NA
86,NA,NA,NA,NA
87,NA,NA,NA,NA
88,NA,NA,NA,NA
89,NA,NA,NA,NA
90,NA,NA,NA,NA
91,NA,NA,NA,NA
92,NA,NA,NA,NA
93,NA,NA,NA,NA
94,NA,NA,NA,NA
95,NA,NA,NA,NA
96,NA,NA,NA,NA
97,NA,NA,NA,NA
98,NA,NA,NA,NA
99,NA,NA,NA,NA
100,NA,NA,NA,NA
101,NA,NA,NA,NA
102,NA,NA,NA,NA
103,NA,NA,NA,NA
104,NA,NA,NA,NA
105,NA,NA,NA,NA
106,NA,NA,NA,NA
107,NA,NA,NA,NA
108,NA,NA,NA,NA
109,NA,NA,NA,NA
110,NA,NA,NA,NA
111,NA,NA,NA,NA
112,NA,NA,NA,NA
113,NA,NA,NA,NA
114,NA,NA,NA,NA
115,NA,NA,NA,NA
116,NA,NA,NA,NA
117,NA,NA,NA,NA
118,NA,NA,NA,NA
119,NA,NA,NA,NA
120,NA,NA,NA,NA
121,NA,NA,NA,NA
122,NA,NA,NA,NA
123,NA,NA,NA,NA
124,NA,NA,NA,NA
125,NA,NA,NA,NA
126,NA,NA,NA,NA
127,NA,NA,NA,NA
128,NA,NA,NA,NA
129,NA,NA,NA,NA
130,NA,NA,NA,NA
131,NA,NA,NA,NA
132,NA,NA,NA,NA
133,NA,NA,NA,NA
134,NA,NA,NA,NA
135,NA,NA,NA,NA
136,NA,NA,NA,NA
137,NA,NA,NA,NA
138,NA,NA,NA,NA
139,NA,NA,NA,NA
140,NA,NA,NA,NA
141,NA,NA,NA,NA
142,NA,NA,NA,NA
143,NA,NA,NA,NA
144,NA,NA,NA,NA
145,NA,NA,NA,NA
146,NA,NA,NA,NA
147,NA,NA,NA,NA
148,NA,NA,NA,NA
149,NA,NA,NA,NA
150,NA,NA,NA,NA
151,NA,NA,NA,NA
152,NA,NA,NA,NA
153,NA,NA,NA,NA
154,NA,NA,NA,NA
155,0.492614479,-1.43873198,1.492548755,2.931280735
156,0.5292809,-1.191107782,1.67022739,2.861335172
157,0.543141798,-0.737572463,1.214426223,1.951998686
158,0.534755674,-0.630584292,1.258274151,1.888858443
159,0.513130469,-1.362190369,1.258274151,2.620464521
160,0.487561006,-1.070965702,1.235668781,2.306634482
161,0.507049679,-1.341204486,1.096941006,2.438145492
162,0.507350543,-1.406507436,1.109872147,2.516379583
163,0.532268374,-2.03521328,0.959746761,2.994960041
164,0.522275254,-1.73448055,1.066993849,2.801474399
165,0.583867385,-0.214488591,0.984524649,1.19901324
166,0.538368805,-1.534857171,0.985460126,2.520317297
167,0.562241156,-1.865372973,1.0205567,2.885929673
168,0.550340866,-1.560630319,1.11787418,2.678504498
169,0.534853397,-1.463715452,1.220505915,2.684221367
170,0.524695336,-1.769544712,1.266065456,3.035610168
171,0.481886066,-2.102134296,1.292746837,3.394881133
172,0.52541802,-2.390915099,1.356746007,3.747661106
173,0.52709687,-1.982072586,1.407988776,3.390061362
174,0.563235812,-2.446841472,1.369843718,3.81668519
175,0.558497744,-2.458181318,1.370777203,3.82895852
176,0.553168935,-1.848892961,1.32289489,3.171787851
177,0.516696528,-0.620962028,1.527532368,2.148494397
178,0.520286743,-1.266436947,1.635713361,2.902150307
179,0.546891278,-2.576216378,1.994063077,4.570279455
180,0.552740728,-1.989938636,1.923694898,3.913633534
181,0.561239186,-1.645638266,1.993328044,3.63896631
182,0.571877788,-2.304578665,1.939595371,4.244174036
183,0.565719462,-2.096258245,1.851977989,3.948236234
184,0.584034794,-2.445114632,1.736577651,4.181692284
185,0.582629025,-2.474614676,1.749642341,4.224257016
186,0.583092109,-2.467398964,1.846813793,4.314212756
187,0.559127608,-2.294365691,1.668871768,3.96323746
188,0.576177549,-1.681984576,1.641811465,3.32379604
189,0.539322983,-1.344095731,1.776959579,3.12105531
190,0.535863476,-0.440295721,1.72901173,2.169307451
191,0.584866717,-1.12314555,1.687221476,2.810367026
192,0.580207626,-1.415206201,1.634366318,3.049572519
193,0.583479266,-1.559030125,1.558040845,3.11707097
194,0.576867047,-1.358161401,1.835108284,3.193269685
195,0.58864389,-1.514441095,1.904090546,3.41853164
196,0.624460625,-2.45305904,1.762718153,4.215777193
197,0.58934169,-2.405066951,1.704961075,4.110028026
198,0.585357393,-2.561699993,1.797396061,4.359096054
199,0.595961618,-2.010813893,1.907291602,3.918105494
200,0.605265628,-1.981528422,1.888211671,3.869740092
201,0.604724753,-1.589806844,2.084543057,3.674349901
202,0.589759589,-2.692275818,2.035650841,4.727926659
203,0.575805078,-2.571354538,1.9348636,4.506218138
204,0.568493785,-1.054567132,1.846950269,2.901517401
205,0.590998923,-2.318898941,1.96826198,4.287160921
206,0.618348095,-0.779216641,1.982217763,2.761434404
207,0.614609571,-1.252535507,2.006669104,3.259204611
208,0.590940778,-0.559243255,1.933472043,2.492715298
209,0.647498727,-1.042847983,1.834507001,2.877354984
210,0.625209204,-1.173099402,1.932326627,3.105426029
211,0.573325409,-1.017268141,1.959843435,2.977111576
212,0.637464563,-0.177132005,1.993229775,2.17036178
213,0.674078597,-1.763305772,1.882903445,3.646209217
214,0.650649148,-0.935856026,1.883343787,2.819199813
215,0.662108974,-1.14837973,1.67759829,2.82597802
216,0.65052007,-0.993698403,1.639936066,2.633634469
217,0.67396261,-1.414302472,1.498167078,2.91246955
218,0.660698154,-2.026302263,1.478496977,3.50479924
219,0.66260477,-1.512067786,1.312145634,2.82421342
220,0.684323718,-0.432457541,1.190305186,1.622762727
221,0.462691871,0.114574503,1.101203059,0.986628557
222,0.475190039,0.018163174,0.965163133,0.94699996
223,0.411266764,-0.8193426,1.035808118,1.855150718
224,0.505443852,-0.782581924,0.883947643,1.666529567
225,NA,NA,NA,NA
226,NA,NA,NA,NA
227,NA,NA,NA,NA
228,NA,NA,NA,NA
229,NA,NA,NA,NA
230,NA,NA,NA,NA
231,NA,NA,NA,NA
232,NA,NA,NA,NA
233,NA,NA,NA,NA
234,NA,NA,NA,NA
235,NA,NA,NA,NA
236,NA,NA,NA,NA
237,NA,NA,NA,NA
238,NA,NA,NA,NA
239,NA,NA,NA,NA
240,NA,NA,NA,NA
241,NA,NA,NA,NA
242,NA,NA,NA,NA
243,NA,NA,NA,NA
244,NA,NA,NA,NA
245,NA,NA,NA,NA
246,NA,NA,NA,NA
247,NA,NA,NA,NA
248,NA,NA,NA,NA
249,NA,NA,NA,NA
250,NA,NA,NA,NA
251,NA,NA,NA,NA
252,NA,NA,NA,NA
253,NA,NA,NA,NA
254,NA,NA,NA,NA
255,NA,NA,NA,NA
256,NA,NA,NA,NA
257,NA,NA,NA,NA
258,NA,NA,NA,NA
259,NA,NA,NA,NA
260,NA,NA,NA,NA
261,NA,NA,NA,NA
262,NA,NA,NA,NA
263,NA,NA,NA,NA
264,NA,NA,NA,NA
265,NA,NA,NA,NA
266,NA,NA,NA,NA
267,NA,NA,NA,NA
268,NA,NA,NA,NA
269,NA,NA,NA,NA
270,NA,NA,NA,NA
271,NA,NA,NA,NA
272,NA,NA,NA,NA
273,NA,NA,NA,NA
274,NA,NA,NA,NA
275,NA,NA,NA,NA
276,NA,NA,NA,NA
277,NA,NA,NA,NA
278,NA,NA,NA,NA
279,NA,NA,NA,NA
280,NA,NA,NA,NA
281,NA,NA,NA,NA
282,NA,NA,NA,NA
283,NA,NA,NA,NA
284,NA,NA,NA,NA
285,NA,NA,NA,NA
286,NA,NA,NA,NA
287,NA,NA,NA,NA
288,NA,NA,NA,NA
289,NA,NA,NA,NA
290,NA,NA,NA,NA
291,NA,NA,NA,NA
292,NA,NA,NA,NA
293,NA,NA,NA,NA
294,NA,NA,NA,NA
295,NA,NA,NA,NA
296,NA,NA,NA,NA
297,NA,NA,NA,NA
298,NA,NA,NA,NA
299,NA,NA,NA,NA
300,NA,NA,NA,NA
301,NA,NA,NA,NA
302,NA,NA,NA,NA
303,NA,NA,NA,NA
304,NA,NA,NA,NA
305,NA,NA,NA,NA
306,NA,NA,NA,NA
307,NA,NA,NA,NA
308,NA,NA,NA,NA
309,NA,NA,NA,NA
310,NA,NA,NA,NA
311,NA,NA,NA,NA
312,NA,NA,NA,NA
313,NA,NA,NA,NA
314,NA,NA,NA,NA
315,NA,NA,NA,NA
316,NA,NA,NA,NA
317,NA,NA,NA,NA
318,NA,NA,NA,NA
319,NA,NA,NA,NA
320,NA,NA,NA,NA
321,NA,NA,NA,NA
322,NA,NA,NA,NA
323,NA,NA,NA,NA
324,NA,NA,NA,NA
325,NA,NA,NA,NA
326,NA,NA,NA,NA
327,NA,NA,NA,NA
328,NA,NA,NA,NA
329,NA,NA,NA,NA
330,NA,NA,NA,NA
331,NA,NA,NA,NA
332,NA,NA,NA,NA
333,NA,NA,NA,NA
334,NA,NA,NA,NA
335,NA,NA,NA,NA
336,NA,NA,NA,NA
337,NA,NA,NA,NA
338,NA,NA,NA,NA
339,NA,NA,NA,NA
340,NA,NA,NA,NA
341,NA,NA,NA,NA
342,NA,NA,NA,NA
343,NA,NA,NA,NA
344,NA,NA,NA,NA
345,NA,NA,NA,NA
346,NA,NA,NA,NA
347,NA,NA,NA,NA
348,NA,NA,NA,NA
349,NA,NA,NA,NA
350,NA,NA,NA,NA
351,NA,NA,NA,NA
352,NA,NA,NA,NA
353,NA,NA,NA,NA
354,NA,NA,NA,NA
355,NA,NA,NA,NA
356,NA,NA,NA,NA
357,NA,NA,NA,NA
358,NA,NA,NA,NA
359,NA,NA,NA,NA
360,NA,NA,NA,NA
361,NA,NA,NA,NA
362,NA,NA,NA,NA
363,NA,NA,NA,NA
364,NA,NA,NA,NA
365,NA,NA,NA,NA
366,NA,NA,NA,NA
367,NA,NA,NA,NA
368,NA,NA,NA,NA
369,NA,NA,NA,NA
370,NA,NA,NA,NA
371,NA,NA,NA,NA
372,NA,NA,NA,NA
373,NA,NA,NA,NA
374,NA,NA,NA,NA
375,NA,NA,NA,NA
376,NA,NA,NA,NA
377,NA,NA,NA,NA
378,NA,NA,NA,NA
379,NA,NA,NA,NA
380,NA,NA,NA,NA
381,NA,NA,NA,NA
382,NA,NA,NA,NA
383,NA,NA,NA,NA
384,NA,NA,NA,NA
385,NA,NA,NA,NA
386,NA,NA,NA,NA
387,NA,NA,NA,NA
388,NA,NA,NA,NA
389,NA,NA,NA,NA
390,NA,NA,NA,NA
391,NA,NA,NA,NA
392,NA,NA,NA,NA
393,NA,NA,NA,NA
394,NA,NA,NA,NA
395,NA,NA,NA,NA
396,NA,NA,NA,NA
397,NA,NA,NA,NA
398,NA,NA,NA,NA
399,NA,NA,NA,NA
400,NA,NA,NA,NA
401,NA,NA,NA,NA
402,NA,NA,NA,NA
403,NA,NA,NA,NA
404,NA,NA,NA,NA
405,NA,NA,NA,NA
406,NA,NA,NA,NA
407,NA,NA,NA,NA
408,NA,NA,NA,NA
409,NA,NA,NA,NA
410,NA,NA,NA,NA
411,NA,NA,NA,NA
412,NA,NA,NA,NA
413,NA,NA,NA,NA
414,NA,NA,NA,NA
415,NA,NA,NA,NA
416,NA,NA,NA,NA
417,NA,NA,NA,NA
418,NA,NA,NA,NA
419,NA,NA,NA,NA
420,NA,NA,NA,NA
421,NA,NA,NA,NA
422,NA,NA,NA,NA
423,NA,NA,NA,NA
424,NA,NA,NA,NA
425,NA,NA,NA,NA
426,NA,NA,NA,NA
427,NA,NA,NA,NA
428,NA,NA,NA,NA
429,NA,NA,NA,NA
430,NA,NA,NA,NA
431,NA,NA,NA,NA
432,NA,NA,NA,NA
433,NA,NA,NA,NA
434,NA,NA,NA,NA
435,NA,NA,NA,NA
436,NA,NA,NA,NA
437,NA,NA,NA,NA
438,NA,NA,NA,NA
439,NA,NA,NA,NA
440,NA,NA,NA,NA
441,NA,NA,NA,NA
442,NA,NA,NA,NA
443,NA,NA,NA,NA
444,NA,NA,NA,NA
445,NA,NA,NA,NA
446,NA,NA,NA,NA
447,NA,NA,NA,NA
448,NA,NA,NA,NA
449,NA,NA,NA,NA
450,NA,NA,NA,NA
451,NA,NA,NA,NA
452,NA,NA,NA,NA
453,NA,NA,NA,NA
454,NA,NA,NA,NA
455,NA,NA,NA,NA
456,NA,NA,NA,NA
457,NA,NA,NA,NA
458,NA,NA,NA,NA
459,NA,NA,NA,NA
460,NA,NA,NA,NA
461,NA,NA,NA,NA
462,NA,NA,NA,NA
463,NA,NA,NA,NA
464,NA,NA,NA,NA
465,NA,NA,NA,NA
466,NA,NA,NA,NA
467,NA,NA,NA,NA
468,NA,NA,NA,NA
469,NA,NA,NA,NA
470,NA,NA,NA,NA
471,NA,NA,NA,NA
472,NA,NA,NA,NA
473,NA,NA,NA,NA
474,NA,NA,NA,NA
475,NA,NA,NA,NA
476,NA,NA,NA,NA
477,NA,NA,NA,NA
478,NA,NA,NA,NA
479,NA,NA,NA,NA
480,NA,NA,NA,NA
481,NA,NA,NA,NA
482,NA,NA,NA,NA
483,NA,NA,NA,NA
484,NA,NA,NA,NA
485,NA,NA,NA,NA
486,NA,NA,NA,NA
487,NA,NA,NA,NA
488,NA,NA,NA,NA
489,NA,NA,NA,NA
490,NA,NA,NA,NA
491,NA,NA,NA,NA
492,NA,NA,NA,NA
493,NA,NA,NA,NA
494,NA,NA,NA,NA
495,NA,NA,NA,NA
496,NA,NA,NA,NA
497,NA,NA,NA,NA
498,NA,NA,NA,NA
499,NA,NA,NA,NA
500,NA,NA,NA,NA
501,NA,NA,NA,NA
502,NA,NA,NA,NA
503,NA,NA,NA,NA
504,NA,NA,NA,NA
505,NA,NA,NA,NA
506,NA,NA,NA,NA
507,NA,NA,NA,NA
508,NA,NA,NA,NA
509,NA,NA,NA,NA
510,NA,NA,NA,NA
511,NA,NA,NA,NA
512,NA,NA,NA,NA
513,NA,NA,NA,NA
514,NA,NA,NA,NA
515,NA,NA,NA,NA
516,NA,NA,NA,NA
517,NA,NA,NA,NA
518,NA,NA,NA,NA
519,NA,NA,NA,NA
520,0.344191405,-0.589625241,0.8948997,1.484524941
521,0.481971843,-0.324587481,1.398628016,1.723215497
522,0.541060695,0.193466902,1.273994145,1.080527243
523,0.544005975,-0.335075327,1.126050988,1.461126315
524,0.540377224,-0.401966901,1.188688877,1.590655779
525,0.540686496,-0.721543376,1.296166001,2.017709378
526,0.538827317,-0.394371965,1.337273575,1.73164554
527,0.593413558,-0.590576805,1.376723739,1.967300544
528,0.572951828,-1.022302724,1.375091897,2.39739462
529,0.557692025,-1.340059852,1.533429458,2.87348931
530,0.555239296,-1.153880345,1.5887973,2.742677645
531,0.545321105,-0.936096457,1.467484399,2.403580856
532,0.49519449,-0.660539194,1.245110266,1.90564946
533,0.52439045,-0.998974447,1.142535611,2.141510059
534,0.569597432,-1.560983224,1.016496337,2.577479561
535,0.569262415,-1.610640504,1.0759739,2.686614404
536,0.564965595,-1.682878003,1.076852832,2.759730836
537,0.565521967,-1.698918401,1.074389172,2.773307573
538,0.568932169,-2.137647573,0.946742686,3.084390259
539,0.573813523,-1.844460508,1.141707234,2.986167743
540,0.577908096,-2.115060373,1.463009387,3.57806976
541,0.576896587,-2.121059426,1.157021313,3.278080739
542,0.596536926,-2.071595773,1.12959712,3.201192892
543,0.571064607,-2.327586566,1.191135171,3.518721736
544,0.575820435,-1.627213751,1.09398578,2.721199531
545,0.573662869,-1.650718954,1.153811853,2.804530807
546,0.591109594,-1.898542043,1.409326559,3.307868602
547,0.589029026,-2.29660738,1.222188458,3.518795838
548,0.593946476,-2.399779257,1.320377438,3.720156695
549,0.603794645,-0.763525801,1.874729763,2.638255564
550,0.598087419,-2.15002968,1.870613882,4.020643562
551,0.579198307,-0.211516215,1.932806153,2.144322369
552,0.566469749,-0.898947778,2.06302339,2.961971168
553,0.619333482,-0.569746708,1.749237585,2.318984293
554,0.605168595,-1.684511004,1.803687484,3.488198488
555,0.605041081,-1.137363912,1.956605994,3.093969906
556,0.630894006,-2.196132705,2.061061185,4.25719389
557,0.612794715,-1.501985065,2.056819652,3.558804717
558,0.609927407,-2.015211167,2.065419303,4.08063047
559,0.62821426,-2.582170212,2.065419303,4.647589516
560,0.634123482,-2.064388525,2.109487536,4.173876061
561,0.620094939,-2.107578155,2.630409009,4.737987164
562,0.631719529,-1.226649969,2.43299837,3.659648339
563,0.670192163,-0.88215021,2.085654339,2.967804549
564,0.636202055,-1.122003929,1.936901815,3.058905745
565,0.588934367,-0.616095496,1.910053711,2.526149207
566,0.601839694,-1.607662114,1.90133261,3.508994724
567,0.596835596,-1.899930753,1.798785943,3.698716695
568,0.655340624,-1.349208313,1.738681973,3.087890287
569,0.618116037,-2.203206912,1.769612752,3.972819664
570,0.602606479,-2.056901143,1.590744341,3.647645484
571,0.652536226,-1.373360254,1.60167564,2.975035894
572,0.630802212,-2.059362339,1.66778503,3.727147368
573,0.652974967,-1.781259546,1.84732861,3.628588156
574,0.647414422,-1.331601372,1.835678588,3.167279961
575,0.656732907,-0.138174825,1.762262496,1.900437321
576,0.671586404,-1.54326776,1.785806627,3.329074388
577,0.687613755,-1.448443749,1.666020736,3.114464485
578,0.694613039,-1.453706845,1.800218664,3.253925509
579,0.65001512,-0.349910875,1.845583206,2.195494081
580,0.635013572,-1.418404115,1.895516831,3.313920946
581,0.67343229,-1.332907612,1.984845172,3.317752785
582,0.642530917,-0.375236521,1.785619796,2.160856318
583,0.658564459,0.638703995,1.806921577,1.168217582
584,0.635316028,-0.702886202,1.768697262,2.471583463
585,0.660736478,-0.373047605,1.731541719,2.104589324
586,0.655569495,-1.104398247,1.621057068,2.725455315
587,0.866942883,-0.494161327,1.644478942,2.138640269
588,0.649516173,-1.828566206,1.629632662,3.458198868
589,0.683061755,-0.933121134,1.676006767,2.609127901
590,0.799976827,-1.030950746,1.706967079,2.737917825
591,0.798117084,-1.333885539,1.706967079,3.040852618
592,0.681616426,-1.151043424,1.702928321,2.853971745
593,0.278123161,-0.187286835,1.649026857,1.836313693
594,0.735504282,0.17111017,1.654961716,1.483851546
595,0.697398364,-0.846674639,1.661993903,2.508668541
596,NA,NA,NA,NA
597,NA,NA,NA,NA
598,NA,NA,NA,NA
599,NA,NA,NA,NA
600,NA,NA,NA,NA
601,NA,NA,NA,NA
602,NA,NA,NA,NA
603,NA,NA,NA,NA
604,NA,NA,NA,NA
605,NA,NA,NA,NA
606,NA,NA,NA,NA
607,NA,NA,NA,NA
608,NA,NA,NA,NA
609,NA,NA,NA,NA
610,NA,NA,NA,NA
611,NA,NA,NA,NA
612,NA,NA,NA,NA
613,NA,NA,NA,NA
614,NA,NA,NA,NA
615,NA,NA,NA,NA
616,NA,NA,NA,NA
617,NA,NA,NA,NA
618,NA,NA,NA,NA
619,NA,NA,NA,NA
620,NA,NA,NA,NA
621,NA,NA,NA,NA
622,NA,NA,NA,NA
623,NA,NA,NA,NA
624,NA,NA,NA,NA
625,NA,NA,NA,NA
626,NA,NA,NA,NA
627,NA,NA,NA,NA
628,NA,NA,NA,NA
629,NA,NA,NA,NA
630,NA,NA,NA,NA
631,NA,NA,NA,NA
632,NA,NA,NA,NA
633,NA,NA,NA,NA
634,NA,NA,NA,NA
635,NA,NA,NA,NA
636,NA,NA,NA,NA
637,NA,NA,NA,NA
638,NA,NA,NA,NA
639,NA,NA,NA,NA
640,NA,NA,NA,NA
641,NA,NA,NA,NA
642,NA,NA,NA,NA
643,NA,NA,NA,NA
644,NA,NA,NA,NA
645,NA,NA,NA,NA
646,NA,NA,NA,NA
647,NA,NA,NA,NA
648,NA,NA,NA,NA
649,NA,NA,NA,NA
650,NA,NA,NA,NA
651,NA,NA,NA,NA
652,NA,NA,NA,NA
653,NA,NA,NA,NA
654,NA,NA,NA,NA
655,NA,NA,NA,NA
656,NA,NA,NA,NA
657,NA,NA,NA,NA
658,NA,NA,NA,NA
659,NA,NA,NA,NA
660,NA,NA,NA,NA
661,NA,NA,NA,NA
662,NA,NA,NA,NA
663,NA,NA,NA,NA
664,NA,NA,NA,NA
665,NA,NA,NA,NA
666,NA,NA,NA,NA
667,NA,NA,NA,NA
668,NA,NA,NA,NA
669,NA,NA,NA,NA
670,NA,NA,NA,NA
671,NA,NA,NA,NA
672,NA,NA,NA,NA
673,NA,NA,NA,NA
674,NA,NA,NA,NA
675,NA,NA,NA,NA
676,NA,NA,NA,NA
677,NA,NA,NA,NA
678,NA,NA,NA,NA
679,NA,NA,NA,NA
680,NA,NA,NA,NA
681,NA,NA,NA,NA
682,NA,NA,NA,NA
683,NA,NA,NA,NA
684,NA,NA,NA,NA
685,NA,NA,NA,NA
686,NA,NA,NA,NA
687,NA,NA,NA,NA
688,NA,NA,NA,NA
689,NA,NA,NA,NA
690,NA,NA,NA,NA
691,NA,NA,NA,NA
692,NA,NA,NA,NA
693,NA,NA,NA,NA
694,NA,NA,NA,NA
695,NA,NA,NA,NA
696,NA,NA,NA,NA
697,NA,NA,NA,NA
698,NA,NA,NA,NA
699,NA,NA,NA,NA
700,NA,NA,NA,NA
701,NA,NA,NA,NA
702,NA,NA,NA,NA
703,NA,NA,NA,NA
704,NA,NA,NA,NA
705,NA,NA,NA,NA
706,NA,NA,NA,NA
707,NA,NA,NA,NA
708,NA,NA,NA,NA
709,NA,NA,NA,NA
710,NA,NA,NA,NA
711,NA,NA,NA,NA
712,NA,NA,NA,NA
713,NA,NA,NA,NA
714,NA,NA,NA,NA
715,NA,NA,NA,NA
716,NA,NA,NA,NA
717,NA,NA,NA,NA
718,NA,NA,NA,NA
719,NA,NA,NA,NA
720,NA,NA,NA,NA
721,NA,NA,NA,NA
722,NA,NA,NA,NA
723,NA,NA,NA,NA
724,NA,NA,NA,NA
725,NA,NA,NA,NA
726,NA,NA,NA,NA
727,NA,NA,NA,NA
728,NA,NA,NA,NA
729,NA,NA,NA,NA
730,NA,NA,NA,NA
731,NA,NA,NA,NA
732,NA,NA,NA,NA
733,NA,NA,NA,NA
734,NA,NA,NA,NA
735,NA,NA,NA,NA
736,NA,NA,NA,NA
737,NA,NA,NA,NA
738,NA,NA,NA,NA
739,NA,NA,NA,NA
740,NA,NA,NA,NA
741,NA,NA,NA,NA
742,NA,NA,NA,NA
743,NA,NA,NA,NA
744,NA,NA,NA,NA
745,NA,NA,NA,NA
746,NA,NA,NA,NA
747,NA,NA,NA,NA
748,NA,NA,NA,NA
749,NA,NA,NA,NA
750,NA,NA,NA,NA
751,NA,NA,NA,NA
752,NA,NA,NA,NA
753,NA,NA,NA,NA
754,NA,NA,NA,NA
755,NA,NA,NA,NA
756,NA,NA,NA,NA
757,NA,NA,NA,NA
758,NA,NA,NA,NA
759,NA,NA,NA,NA
760,NA,NA,NA,NA
761,NA,NA,NA,NA
762,NA,NA,NA,NA
763,NA,NA,NA,NA
764,NA,NA,NA,NA
765,NA,NA,NA,NA
766,NA,NA,NA,NA
767,NA,NA,NA,NA
768,NA,NA,NA,NA
769,NA,NA,NA,NA
770,NA,NA,NA,NA
771,NA,NA,NA,NA
772,NA,NA,NA,NA
773,NA,NA,NA,NA
774,NA,NA,NA,NA
775,NA,NA,NA,NA
776,NA,NA,NA,NA
777,NA,NA,NA,NA
778,NA,NA,NA,NA
779,NA,NA,NA,NA
780,NA,NA,NA,NA
781,NA,NA,NA,NA
782,NA,NA,NA,NA
783,NA,NA,NA,NA
784,NA,NA,NA,NA
785,NA,NA,NA,NA
786,NA,NA,NA,NA
787,NA,NA,NA,NA
788,NA,NA,NA,NA
789,NA,NA,NA,NA
790,NA,NA,NA,NA
791,NA,NA,NA,NA
792,NA,NA,NA,NA
793,NA,NA,NA,NA
794,NA,NA,NA,NA
795,NA,NA,NA,NA
796,NA,NA,NA,NA
797,NA,NA,NA,NA
798,NA,NA,NA,NA
799,NA,NA,NA,NA
800,NA,NA,NA,NA
801,NA,NA,NA,NA
802,NA,NA,NA,NA
803,NA,NA,NA,NA
804,NA,NA,NA,NA
805,NA,NA,NA,NA
806,NA,NA,NA,NA
807,NA,NA,NA,NA
808,NA,NA,NA,NA
809,NA,NA,NA,NA
810,NA,NA,NA,NA
811,NA,NA,NA,NA
812,NA,NA,NA,NA
813,NA,NA,NA,NA
814,NA,NA,NA,NA
815,NA,NA,NA,NA
816,NA,NA,NA,NA
817,NA,NA,NA,NA
818,NA,NA,NA,NA
819,NA,NA,NA,NA
820,NA,NA,NA,NA
821,NA,NA,NA,NA
822,NA,NA,NA,NA
823,NA,NA,NA,NA
824,NA,NA,NA,NA
825,NA,NA,NA,NA
826,NA,NA,NA,NA
827,NA,NA,NA,NA
828,NA,NA,NA,NA
829,NA,NA,NA,NA
830,NA,NA,NA,NA
831,NA,NA,NA,NA
832,NA,NA,NA,NA
833,NA,NA,NA,NA
834,NA,NA,NA,NA
835,NA,NA,NA,NA
836,NA,NA,NA,NA
837,NA,NA,NA,NA
838,NA,NA,NA,NA
839,NA,NA,NA,NA
840,NA,NA,NA,NA
841,NA,NA,NA,NA
842,NA,NA,NA,NA
843,NA,NA,NA,NA
844,NA,NA,NA,NA
845,NA,NA,NA,NA
846,NA,NA,NA,NA
847,NA,NA,NA,NA
848,NA,NA,NA,NA
849,NA,NA,NA,NA
850,NA,NA,NA,NA
851,NA,NA,NA,NA
852,NA,NA,NA,NA
853,NA,NA,NA,NA
854,NA,NA,NA,NA
855,NA,NA,NA,NA
856,NA,NA,NA,NA
857,NA,NA,NA,NA
858,NA,NA,NA,NA
859,NA,NA,NA,NA
860,NA,NA,NA,NA
861,NA,NA,NA,NA
862,NA,NA,NA,NA
863,NA,NA,NA,NA
864,NA,NA,NA,NA
865,NA,NA,NA,NA
866,NA,NA,NA,NA
867,NA,NA,NA,NA
868,NA,NA,NA,NA
869,NA,NA,NA,NA
870,NA,NA,NA,NA
871,NA,NA,NA,NA
872,NA,NA,NA,NA
873,NA,NA,NA,NA
874,NA,NA,NA,NA
875,NA,NA,NA,NA
876,NA,NA,NA,NA
877,NA,NA,NA,NA
878,NA,NA,NA,NA
879,NA,NA,NA,NA
880,0.52512207,-0.484263555,0.520505257,1.004768812
881,0.464862075,-0.13445631,0.465021358,0.599477668
882,0.464915033,-0.062754152,0.480126312,0.542880464
883,0.508480861,-0.053374421,0.53227707,0.58565149
884,0.523347287,-0.477684566,0.517960653,0.995645219
885,0.491365593,-0.94629437,0.458791134,1.405085504
886,0.526145749,-0.722172443,0.509388275,1.231560718
887,0.520302017,-0.973588602,0.509645055,1.483233657
888,0.515416632,-0.754665725,0.499434172,1.254099897
889,0.395214026,-0.40340455,0.552341902,0.955746453
890,0.500460828,-0.782997791,0.589166117,1.372163908
891,0.47701083,-0.895741493,0.469704482,1.365445975
892,0.525678743,-0.60807979,0.523734346,1.131814136
893,0.557824044,-0.869333606,0.566435004,1.43576861
894,0.404136795,-0.640134334,0.525248745,1.165383079
895,0.487299013,-0.930123279,0.625138875,1.555262153
896,0.514619892,-0.980188775,0.902636519,1.882825293
897,0.527388408,-1.011264642,1.028034171,2.039298813
898,0.519771918,-0.778412385,1.30347873,2.081891115
899,0.550067624,-1.219529532,1.452325814,2.671855345
900,0.552727408,-1.269054567,1.437773482,2.706828049
901,0.526645898,-1.433754024,1.32314391,2.756897934
902,0.50000862,-1.638181552,1.352698155,2.990879707
903,0.539330819,-1.453620146,1.138521524,2.59214167
904,0.514722546,-1.952180524,1.246200102,3.198380626
905,0.543741688,-1.911349102,1.395041899,3.306391001
906,0.553663766,-1.516535212,1.388646505,2.905181716
907,0.574232962,-2.530906152,1.36986844,3.900774592
908,0.55504395,-1.497133948,1.351417584,2.848551531
909,0.58581574,-2.636192406,1.291628695,3.9278211
910,0.542325807,-2.048686757,1.243890083,3.292576841
911,0.530133697,-1.957389755,1.149127822,3.106517577
912,0.567906723,-1.978342949,1.150342057,3.128685006
913,0.580952066,-2.085058594,1.238479332,3.323537926
914,0.575717198,-2.78907249,1.230316639,4.019389129
915,0.505038364,-0.839054505,1.437211139,2.276265643
916,0.564237417,-1.967200287,1.647772082,3.614972369
917,0.581823751,-2.497002662,1.851445483,4.348448145
918,0.591254137,-2.676443221,1.859578731,4.536021952
919,0.601464921,-2.97114761,1.945865685,4.917013295
920,0.617504572,-3.005191998,1.961696909,4.966888907
921,0.586254175,-3.142485034,1.894331108,5.036816142
922,0.589871895,-2.858351572,2.246693483,5.105045055
923,0.592863156,-1.568349985,2.127670699,3.696020684
924,0.535474316,-0.667195055,2.201500534,2.868695589
925,0.569765541,-1.980585082,2.061028372,4.041613454
926,0.606762846,-3.031593132,2.031203129,5.06279626
927,0.591306825,-1.763955526,1.998998422,3.762953948
928,0.632962791,-2.681492041,1.9353317,4.616823741
929,0.613881403,-2.65600695,1.864826613,4.520833563
930,0.621711928,-2.399680438,1.882764558,4.282444996
931,0.616938125,-1.695966496,1.84166393,3.537630426
932,0.605443699,-2.073189441,1.839308877,3.912498318
933,0.613723262,-1.869520423,1.711954299,3.581474722
934,0.616070876,-1.858183266,1.715042543,3.573225809
935,0.631288959,-2.63593108,1.794160836,4.430091915
936,0.527860657,-1.798693189,1.837338952,3.636032142
937,0.589486192,-2.819559561,1.841011329,4.66057089
938,0.638330678,-2.072683704,1.803565996,3.8762497
939,0.631890265,-1.745051333,1.78351388,3.528565214
940,0.649853702,-1.016526442,1.614524847,2.631051288
941,0.639154255,-1.397845176,1.370426635,2.768271811
942,0.65730461,-1.645598953,1.376303659,3.021902612
943,0.656352384,-1.784602099,1.331921349,3.116523448
944,0.647076276,-0.757658471,1.235272901,1.992931372
945,0.690641557,-1.725583527,1.409105899,3.134689426
946,0.629418682,-0.953234895,1.383516634,2.336751529
947,0.601254839,-1.139914467,1.382571074,2.522485541
948,0.637914513,-1.402110562,1.248588501,2.650699063
949,0.609237802,-0.549652727,1.224516211,1.774168938
950,NA,NA,NA,NA
951,NA,NA,NA,NA
952,NA,NA,NA,NA
953,NA,NA,NA,NA
954,NA,NA,NA,NA
955,NA,NA,NA,NA
956,NA,NA,NA,NA
957,NA,NA,NA,NA
958,NA,NA,NA,NA
959,NA,NA,NA,NA
960,NA,NA,NA,NA
961,NA,NA,NA,NA
962,NA,NA,NA,NA
963,NA,NA,NA,NA
964,NA,NA,NA,NA
965,NA,NA,NA,NA
966,NA,NA,NA,NA
967,NA,NA,NA,NA
968,NA,NA,NA,NA
969,NA,NA,NA,NA
970,NA,NA,NA,NA
971,NA,NA,NA,NA
972,NA,NA,NA,NA
973,NA,NA,NA,NA
974,NA,NA,NA,NA
975,NA,NA,NA,NA
976,NA,NA,NA,NA
977,NA,NA,NA,NA
978,NA,NA,NA,NA
979,NA,NA,NA,NA
980,NA,NA,NA,NA
981,NA,NA,NA,NA
982,NA,NA,NA,NA
983,NA,NA,NA,NA
984,NA,NA,NA,NA
985,NA,NA,NA,NA
986,NA,NA,NA,NA
987,NA,NA,NA,NA
988,NA,NA,NA,NA
989,NA,NA,NA,NA
990,NA,NA,NA,NA
991,NA,NA,NA,NA
992,NA,NA,NA,NA
993,NA,NA,NA,NA
994,NA,NA,NA,NA
995,NA,NA,NA,NA
996,NA,NA,NA,NA
997,NA,NA,NA,NA
998,NA,NA,NA,NA
999,NA,NA,NA,NA
1000,NA,NA,NA,NA
1001,NA,NA,NA,NA
1002,NA,NA,NA,NA
1003,NA,NA,NA,NA
1004,NA,NA,NA,NA
1005,NA,NA,NA,NA
1006,NA,NA,NA,NA
1007,NA,NA,NA,NA
1008,NA,NA,NA,NA
1009,NA,NA,NA,NA
1010,NA,NA,NA,NA
1011,NA,NA,NA,NA
1012,NA,NA,NA,NA
1013,NA,NA,NA,NA
1014,NA,NA,NA,NA
1015,NA,NA,NA,NA
1016,NA,NA,NA,NA
1017,NA,NA,NA,NA
1018,NA,NA,NA,NA
1019,NA,NA,NA,NA
1020,NA,NA,NA,NA
1021,NA,NA,NA,NA
1022,NA,NA,NA,NA
1023,NA,NA,NA,NA
1024,NA,NA,NA,NA
1025,NA,NA,NA,NA
1026,NA,NA,NA,NA
1027,NA,NA,NA,NA
1028,NA,NA,NA,NA
1029,NA,NA,NA,NA
1030,NA,NA,NA,NA
1031,NA,NA,NA,NA
1032,NA,NA,NA,NA
1033,NA,NA,NA,NA
1034,NA,NA,NA,NA
1035,NA,NA,NA,NA
1036,NA,NA,NA,NA
1037,NA,NA,NA,NA
1038,NA,NA,NA,NA
1039,NA,NA,NA,NA
1040,NA,NA,NA,NA
1041,NA,NA,NA,NA
1042,NA,NA,NA,NA
1043,NA,NA,NA,NA
1044,NA,NA,NA,NA
1045,NA,NA,NA,NA
1046,NA,NA,NA,NA
1047,NA,NA,NA,NA
1048,NA,NA,NA,NA
1049,NA,NA,NA,NA
1050,NA,NA,NA,NA
1051,NA,NA,NA,NA
1052,NA,NA,NA,NA
1053,NA,NA,NA,NA
1054,NA,NA,NA,NA
1055,NA,NA,NA,NA
1056,NA,NA,NA,NA
1057,NA,NA,NA,NA
1058,NA,NA,NA,NA
1059,NA,NA,NA,NA
1060,NA,NA,NA,NA
1061,NA,NA,NA,NA
1062,NA,NA,NA,NA
1063,NA,NA,NA,NA
1064,NA,NA,NA,NA
1065,NA,NA,NA,NA
1066,NA,NA,NA,NA
1067,NA,NA,NA,NA
1068,NA,NA,NA,NA
1069,NA,NA,NA,NA
1070,NA,NA,NA,NA
1071,NA,NA,NA,NA
1072,NA,NA,NA,NA
1073,NA,NA,NA,NA
1074,NA,NA,NA,NA
1075,NA,NA,NA,NA
1076,NA,NA,NA,NA
1077,NA,NA,NA,NA
1078,NA,NA,NA,NA
1079,NA,NA,NA,NA
1080,NA,NA,NA,NA
1081,NA,NA,NA,NA
1082,NA,NA,NA,NA
1083,NA,NA,NA,NA
1084,NA,NA,NA,NA
1085,NA,NA,NA,NA
1086,NA,NA,NA,NA
1087,NA,NA,NA,NA
1088,NA,NA,NA,NA
1089,NA,NA,NA,NA
1090,NA,NA,NA,NA
1091,NA,NA,NA,NA
1092,NA,NA,NA,NA
1093,NA,NA,NA,NA
1094,NA,NA,NA,NA
1095,NA,NA,NA,NA
1096,NA,NA,NA,NA
1097,NA,NA,NA,NA
1098,NA,NA,NA,NA
1099,NA,NA,NA,NA
1100,NA,NA,NA,NA
1101,NA,NA,NA,NA
1102,NA,NA,NA,NA
1103,NA,NA,NA,NA
1104,NA,NA,NA,NA
1105,NA,NA,NA,NA
1106,NA,NA,NA,NA
1107,NA,NA,NA,NA
1108,NA,NA,NA,NA
1109,NA,NA,NA,NA
1110,NA,NA,NA,NA
1111,NA,NA,NA,NA
1112,NA,NA,NA,NA
1113,NA,NA,NA,NA
1114,NA,NA,NA,NA
1115,NA,NA,NA,NA
1116,NA,NA,NA,NA
1117,NA,NA,NA,NA
1118,NA,NA,NA,NA
1119,NA,NA,NA,NA
1120,NA,NA,NA,NA
1121,NA,NA,NA,NA
1122,NA,NA,NA,NA
1123,NA,NA,NA,NA
1124,NA,NA,NA,NA
1125,NA,NA,NA,NA
1126,NA,NA,NA,NA
1127,NA,NA,NA,NA
1128,NA,NA,NA,NA
1129,NA,NA,NA,NA
1130,NA,NA,NA,NA
1131,NA,NA,NA,NA
1132,NA,NA,NA,NA
1133,NA,NA,NA,NA
1134,NA,NA,NA,NA
1135,NA,NA,NA,NA
1136,NA,NA,NA,NA
1137,NA,NA,NA,NA
1138,NA,NA,NA,NA
1139,NA,NA,NA,NA
1140,NA,NA,NA,NA
1141,NA,NA,NA,NA
1142,NA,NA,NA,NA
1143,NA,NA,NA,NA
1144,NA,NA,NA,NA
1145,NA,NA,NA,NA
1146,NA,NA,NA,NA
1147,NA,NA,NA,NA
1148,NA,NA,NA,NA
1149,NA,NA,NA,NA
1150,NA,NA,NA,NA
1151,NA,NA,NA,NA
1152,NA,NA,NA,NA
1153,NA,NA,NA,NA
1154,NA,NA,NA,NA
1155,NA,NA,NA,NA
1156,NA,NA,NA,NA
1157,NA,NA,NA,NA
1158,NA,NA,NA,NA
1159,NA,NA,NA,NA
1160,NA,NA,NA,NA
1161,NA,NA,NA,NA
1162,NA,NA,NA,NA
1163,NA,NA,NA,NA
1164,NA,NA,NA,NA
1165,NA,NA,NA,NA
1166,NA,NA,NA,NA
1167,NA,NA,NA,NA
1168,NA,NA,NA,NA
1169,NA,NA,NA,NA
1170,NA,NA,NA,NA
1171,NA,NA,NA,NA
1172,NA,NA,NA,NA
1173,NA,NA,NA,NA
1174,NA,NA,NA,NA
1175,NA,NA,NA,NA
1176,NA,NA,NA,NA
1177,NA,NA,NA,NA
1178,NA,NA,NA,NA
1179,NA,NA,NA,NA
1180,NA,NA,NA,NA
1181,NA,NA,NA,NA
1182,NA,NA,NA,NA
1183,NA,NA,NA,NA
1184,NA,NA,NA,NA
1185,NA,NA,NA,NA
1186,NA,NA,NA,NA
1187,NA,NA,NA,NA
1188,NA,NA,NA,NA
1189,NA,NA,NA,NA
1190,NA,NA,NA,NA
1191,NA,NA,NA,NA
1192,NA,NA,NA,NA
1193,NA,NA,NA,NA
1194,NA,NA,NA,NA
1195,NA,NA,NA,NA
1196,NA,NA,NA,NA
1197,NA,NA,NA,NA
1198,NA,NA,NA,NA
1199,NA,NA,NA,NA
1200,NA,NA,NA,NA
1201,NA,NA,NA,NA
1202,NA,NA,NA,NA
1203,NA,NA,NA,NA
1204,NA,NA,NA,NA
1205,NA,NA,NA,NA
1206,NA,NA,NA,NA
1207,NA,NA,NA,NA
1208,NA,NA,NA,NA
1209,NA,NA,NA,NA
1210,NA,NA,NA,NA
1211,NA,NA,NA,NA
1212,NA,NA,NA,NA
1213,NA,NA,NA,NA
1214,NA,NA,NA,NA
1215,NA,NA,NA,NA
1216,NA,NA,NA,NA
1217,NA,NA,NA,NA
1218,NA,NA,NA,NA
1219,NA,NA,NA,NA
1220,NA,NA,NA,NA
1221,NA,NA,NA,NA
1222,NA,NA,NA,NA
1223,NA,NA,NA,NA
1224,NA,NA,NA,NA
1225,NA,NA,NA,NA
1226,NA,NA,NA,NA
1227,NA,NA,NA,NA
1228,NA,NA,NA,NA
1229,NA,NA,NA,NA
1230,NA,NA,NA,NA
1231,NA,NA,NA,NA
1232,NA,NA,NA,NA
1233,NA,NA,NA,NA
1234,NA,NA,NA,NA
1235,NA,NA,NA,NA
1236,NA,NA,NA,NA
1237,NA,NA,NA,NA
1238,NA,NA,NA,NA
1239,NA,NA,NA,NA
1240,NA,NA,NA,NA
1241,NA,NA,NA,NA
1242,NA,NA,NA,NA
1243,NA,NA,NA,NA
1244,NA,NA,NA,NA
1245,NA,NA,NA,NA
1246,NA,NA,NA,NA
1247,NA,NA,NA,NA
1248,NA,NA,NA,NA
1249,0.027029067,-0.318747795,0.571798604,0.890546399
1250,0.393516962,-0.346004192,0.526996647,0.873000839
1251,0.471485364,-0.137094884,0.278893862,0.415988746
1252,0.470969438,-0.736203552,0.319974745,1.056178296
1253,0.469529674,-1.121427204,0.509619135,1.631046339
1254,0.454149529,-1.116285502,0.461470165,1.577755667
1255,0.402056735,-1.189824776,0.36929281,1.559117587
1256,0.425207566,-0.783281472,0.496070195,1.279351667
1257,0.476321911,-0.738790672,0.59997397,1.338764642
1258,0.475888739,-0.519328213,0.68641258,1.205740793
1259,0.475260264,-0.820347686,0.773668726,1.594016412
1260,0.515616289,-1.34569798,0.825534098,2.171232078
1261,0.51230513,-1.304280859,0.953823596,2.258104456
1262,0.516284817,-1.036548545,1.021386608,2.057935154
1263,0.510040576,-0.895320892,1.063357754,1.958678646
1264,0.499819837,-1.111882503,1.095730975,2.207613478
1265,0.535847938,-0.787761198,1.257215848,2.044977046
1266,0.522963599,-0.599608525,1.69006005,2.289668576
1267,0.543377756,-1.145296562,2.058008532,3.203305094
1268,0.541119086,-1.895499948,2.349027232,4.244527179
1269,0.549414277,-2.020943471,2.7351624,4.756105871
1270,0.558990403,-2.152288529,2.603071047,4.755359576
1271,0.561161006,-1.454656144,2.692065581,4.146721724
1272,0.495311072,-1.416187556,2.707593767,4.123781323
1273,0.437800938,-2.173607766,2.669759054,4.843366821
1274,0.470799033,-2.088940644,2.493661493,4.582602137
1275,0.476982343,-1.136330394,2.302300727,3.438631121
1276,0.489936448,-2.518671903,2.234499283,4.753171186
1277,0.540128316,-2.429589024,2.286342501,4.715931525
1278,0.554027992,-1.649781899,2.116394963,3.766176862
1279,0.552869626,-2.461206381,1.951081783,4.412288164
1280,0.575510571,-2.730734443,1.972381574,4.703116017
1281,0.585711681,-2.30335124,1.826506327,4.129857567
1282,0.581759054,-3.047072881,1.758121876,4.805194756
1283,0.580017594,-2.618308956,1.507011199,4.125320155
1284,0.573505414,-2.496018083,1.549241956,4.045260039
1285,0.533712713,-1.613715349,1.486166724,3.099882072
1286,0.611284813,-1.935150654,1.484080912,3.419231566
1287,0.60166359,-2.232169195,1.360727674,3.592896869
1288,0.62128816,-2.332445054,1.310561417,3.643006471
1289,0.58086944,-1.566589106,1.342131068,2.908720174
1290,0.605335357,-1.129475224,1.484919288,2.614394512
1291,0.61306051,-1.188576249,1.511330005,2.699906254
1292,0.583685313,-2.19990099,1.490585165,3.690486155
1293,0.60483125,-0.85427615,1.55725985,2.411536
1294,0.597456778,-0.57585439,1.589641144,2.165495534
1295,0.612293746,-1.152815703,1.685962209,2.838777912
1296,0.474012453,-2.346518373,1.541802961,3.888321334
1297,0.490741375,-0.915225871,1.533313847,2.448539717
1298,0.506691986,-0.397895607,1.632563377,2.030458984
1299,0.60610362,-2.096550523,1.71052264,3.807073164
1300,0.616918119,-1.201216482,1.696099342,2.897315824
1301,0.614058172,-1.009950521,1.825548475,2.835498996
1302,0.619079537,-2.056047342,1.895863671,3.951911013
1303,0.631847386,-1.442471309,1.980306188,3.422777497
1304,0.649327036,-1.362904564,1.947791122,3.310695686
1305,0.666635176,-1.013907697,1.96368065,2.977588347
1306,0.63903538,-1.062161837,1.973642479,3.035804315
1307,0.617867299,-1.714130112,1.911317784,3.625447897
1308,0.625733042,-1.461840951,1.992664214,3.454505165
1309,0.63760337,-2.090870245,1.910850928,4.001721173
1310,0.648961641,-1.056653916,1.921573512,2.978227428
1311,0.681311163,-0.347915623,1.905849736,2.253765359
1312,0.662339643,-1.47543428,1.827322534,3.302756813
1313,0.666608318,-1.183375465,1.821959749,3.005335214
1314,0.462700829,0.4183023,1.796083353,1.377781053
1315,0.486473156,-1.169443463,1.676921621,2.846365084
1316,0.638000096,-1.015648343,1.587692965,2.603341308
1317,0.566919099,-1.55853035,1.456854311,3.015384661
1318,0.199323566,-0.711605301,1.432302957,2.143908258
1319,NA,NA,NA,NA
1320,NA,NA,NA,NA
1321,NA,NA,NA,NA
1322,NA,NA,NA,NA
1323,NA,NA,NA,NA
1324,NA,NA,NA,NA
1325,NA,NA,NA,NA
1326,NA,NA,NA,NA
1327,NA,NA,NA,NA
1328,NA,NA,NA,NA
1329,NA,NA,NA,NA
1330,NA,NA,NA,NA
1331,NA,NA,NA,NA
1332,NA,NA,NA,NA
1333,NA,NA,NA,NA
1334,NA,NA,NA,NA
1335,NA,NA,NA,NA
1336,NA,NA,NA,NA
1337,NA,NA,NA,NA
1338,NA,NA,NA,NA
1339,NA,NA,NA,NA
1340,NA,NA,NA,NA
1341,NA,NA,NA,NA
1342,NA,NA,NA,NA
1343,NA,NA,NA,NA
1344,NA,NA,NA,NA
1345,NA,NA,NA,NA
1346,NA,NA,NA,NA
1347,NA,NA,NA,NA
1348,NA,NA,NA,NA
1349,NA,NA,NA,NA
1350,NA,NA,NA,NA
1351,NA,NA,NA,NA
1352,NA,NA,NA,NA
1353,NA,NA,NA,NA
1354,NA,NA,NA,NA
1355,NA,NA,NA,NA
1356,NA,NA,NA,NA
1357,NA,NA,NA,NA
1358,NA,NA,NA,NA
1359,NA,NA,NA,NA
1360,NA,NA,NA,NA
1361,NA,NA,NA,NA
1362,NA,NA,NA,NA
1363,NA,NA,NA,NA
1364,NA,NA,NA,NA
1365,NA,NA,NA,NA
1366,NA,NA,NA,NA
1367,NA,NA,NA,NA
1368,NA,NA,NA,NA
1369,NA,NA,NA,NA
1370,NA,NA,NA,NA
1371,NA,NA,NA,NA
1372,NA,NA,NA,NA
1373,NA,NA,NA,NA
1374,NA,NA,NA,NA
1375,NA,NA,NA,NA
1376,NA,NA,NA,NA
1377,NA,NA,NA,NA
1378,NA,NA,NA,NA
1379,NA,NA,NA,NA
1380,NA,NA,NA,NA
1381,NA,NA,NA,NA
1382,NA,NA,NA,NA
1383,NA,NA,NA,NA
1384,NA,NA,NA,NA
1385,NA,NA,NA,NA
1386,NA,NA,NA,NA
1387,NA,NA,NA,NA
1388,NA,NA,NA,NA
1389,NA,NA,NA,NA
1390,NA,NA,NA,NA
1391,NA,NA,NA,NA
1392,NA,NA,NA,NA
1393,NA,NA,NA,NA
1394,NA,NA,NA,NA
1395,NA,NA,NA,NA
1396,NA,NA,NA,NA
1397,NA,NA,NA,NA
1398,NA,NA,NA,NA
1399,NA,NA,NA,NA
1400,NA,NA,NA,NA
1401,NA,NA,NA,NA
1402,NA,NA,NA,NA
1403,NA,NA,NA,NA
1404,NA,NA,NA,NA
1405,NA,NA,NA,NA
1406,NA,NA,NA,NA
1407,NA,NA,NA,NA
1408,NA,NA,NA,NA
1409,NA,NA,NA,NA
1410,NA,NA,NA,NA
1411,NA,NA,NA,NA
1412,NA,NA,NA,NA
1413,NA,NA,NA,NA
1414,NA,NA,NA,NA
1415,NA,NA,NA,NA
1416,NA,NA,NA,NA
1417,NA,NA,NA,NA
1418,NA,NA,NA,NA
1419,NA,NA,NA,NA
1420,NA,NA,NA,NA
1421,NA,NA,NA,NA
1422,NA,NA,NA,NA
1423,NA,NA,NA,NA
1424,NA,NA,NA,NA
1425,NA,NA,NA,NA
1426,NA,NA,NA,NA
1427,NA,NA,NA,NA
1428,NA,NA,NA,NA
1429,NA,NA,NA,NA
1430,NA,NA,NA,NA
1431,NA,NA,NA,NA
1432,NA,NA,NA,NA
1433,NA,NA,NA,NA
1434,NA,NA,NA,NA
1435,NA,NA,NA,NA
1436,NA,NA,NA,NA
1437,NA,NA,NA,NA
1438,NA,NA,NA,NA
1439,NA,NA,NA,NA
1440,NA,NA,NA,NA
1441,NA,NA,NA,NA
1442,NA,NA,NA,NA
1443,NA,NA,NA,NA
1444,NA,NA,NA,NA
1445,NA,NA,NA,NA
1446,NA,NA,NA,NA
1447,NA,NA,NA,NA
1448,NA,NA,NA,NA
1449,NA,NA,NA,NA
1450,NA,NA,NA,NA
1451,NA,NA,NA,NA
1452,NA,NA,NA,NA
1453,NA,NA,NA,NA
1454,NA,NA,NA,NA
1455,NA,NA,NA,NA
1456,NA,NA,NA,NA
1457,NA,NA,NA,NA
1458,NA,NA,NA,NA
1459,NA,NA,NA,NA
1460,NA,NA,NA,NA
1461,NA,NA,NA,NA
1462,NA,NA,NA,NA
1463,NA,NA,NA,NA
1464,NA,NA,NA,NA
1465,NA,NA,NA,NA
1466,NA,NA,NA,NA
1467,NA,NA,NA,NA
1468,NA,NA,NA,NA
1469,NA,NA,NA,NA
1470,NA,NA,NA,NA
1471,NA,NA,NA,NA
1472,NA,NA,NA,NA
1473,NA,NA,NA,NA
1474,NA,NA,NA,NA
1475,NA,NA,NA,NA
1476,NA,NA,NA,NA
1477,NA,NA,NA,NA
1478,NA,NA,NA,NA
1479,NA,NA,NA,NA
1480,NA,NA,NA,NA
1481,NA,NA,NA,NA
1482,NA,NA,NA,NA
1483,NA,NA,NA,NA
1484,NA,NA,NA,NA
1485,NA,NA,NA,NA
1486,NA,NA,NA,NA
1487,NA,NA,NA,NA
1488,NA,NA,NA,NA
1489,NA,NA,NA,NA
1490,NA,NA,NA,NA
1491,NA,NA,NA,NA
1492,NA,NA,NA,NA
1493,NA,NA,NA,NA
1494,NA,NA,NA,NA
1495,NA,NA,NA,NA
1496,NA,NA,NA,NA
1497,NA,NA,NA,NA
1498,NA,NA,NA,NA
1499,NA,NA,NA,NA
1500,NA,NA,NA,NA
1501,NA,NA,NA,NA
1502,NA,NA,NA,NA
1503,NA,NA,NA,NA
1504,NA,NA,NA,NA
1505,NA,NA,NA,NA
1506,NA,NA,NA,NA
1507,NA,NA,NA,NA
1508,NA,NA,NA,NA
1509,NA,NA,NA,NA
1510,NA,NA,NA,NA
1511,NA,NA,NA,NA
1512,NA,NA,NA,NA
1513,NA,NA,NA,NA
1514,NA,NA,NA,NA
1515,NA,NA,NA,NA
1516,NA,NA,NA,NA
1517,NA,NA,NA,NA
1518,NA,NA,NA,NA
1519,NA,NA,NA,NA
1520,NA,NA,NA,NA
1521,NA,NA,NA,NA
1522,NA,NA,NA,NA
1523,NA,NA,NA,NA
1524,NA,NA,NA,NA
1525,NA,NA,NA,NA
1526,NA,NA,NA,NA
1527,NA,NA,NA,NA
1528,NA,NA,NA,NA
1529,NA,NA,NA,NA
1530,NA,NA,NA,NA
1531,NA,NA,NA,NA
1532,NA,NA,NA,NA
1533,NA,NA,NA,NA
1534,NA,NA,NA,NA
1535,NA,NA,NA,NA
1536,NA,NA,NA,NA
1537,NA,NA,NA,NA
1538,NA,NA,NA,NA
1539,NA,NA,NA,NA
1540,NA,NA,NA,NA
1541,NA,NA,NA,NA
1542,NA,NA,NA,NA
1543,NA,NA,NA,NA
1544,NA,NA,NA,NA
1545,NA,NA,NA,NA
1546,NA,NA,NA,NA
1547,NA,NA,NA,NA
1548,NA,NA,NA,NA
1549,NA,NA,NA,NA
1550,NA,NA,NA,NA
1551,NA,NA,NA,NA
1552,NA,NA,NA,NA
1553,NA,NA,NA,NA
1554,NA,NA,NA,NA
1555,NA,NA,NA,NA
1556,NA,NA,NA,NA
1557,NA,NA,NA,NA
1558,NA,NA,NA,NA
1559,NA,NA,NA,NA
1560,NA,NA,NA,NA
1561,NA,NA,NA,NA
1562,NA,NA,NA,NA
1563,NA,NA,NA,NA
1564,NA,NA,NA,NA
1565,NA,NA,NA,NA
1566,NA,NA,NA,NA
1567,NA,NA,NA,NA
1568,NA,NA,NA,NA
1569,NA,NA,NA,NA
1570,NA,NA,NA,NA
1571,NA,NA,NA,NA
1572,NA,NA,NA,NA
1573,NA,NA,NA,NA
1574,NA,NA,NA,NA
1575,NA,NA,NA,NA
1576,NA,NA,NA,NA
1577,NA,NA,NA,NA
1578,NA,NA,NA,NA
1579,NA,NA,NA,NA
1580,NA,NA,NA,NA
1581,NA,NA,NA,NA
1582,NA,NA,NA,NA
1583,NA,NA,NA,NA
1584,NA,NA,NA,NA
1585,NA,NA,NA,NA
1586,NA,NA,NA,NA
1587,NA,NA,NA,NA
1588,NA,NA,NA,NA
1589,NA,NA,NA,NA
1590,NA,NA,NA,NA
1591,NA,NA,NA,NA
1592,NA,NA,NA,NA
1593,NA,NA,NA,NA
1594,NA,NA,NA,NA
1595,NA,NA,NA,NA
1596,NA,NA,NA,NA
1597,NA,NA,NA,NA
1598,NA,NA,NA,NA
1599,NA,NA,NA,NA
1600,NA,NA,NA,NA
1601,NA,NA,NA,NA
1602,NA,NA,NA,NA
1603,NA,NA,NA,NA
1604,NA,NA,NA,NA
1605,NA,NA,NA,NA
1606,NA,NA,NA,NA
1607,NA,NA,NA,NA
1608,NA,NA,NA,NA
1609,NA,NA,NA,NA
1610,NA,NA,NA,NA
1611,NA,NA,NA,NA
1612,NA,NA,NA,NA
1613,NA,NA,NA,NA
1614,NA,NA,NA,NA
1615,NA,NA,NA,NA
1616,NA,NA,NA,NA
1617,NA,NA,NA,NA
1618,NA,NA,NA,NA
1619,NA,NA,NA,NA
1620,NA,NA,NA,NA
1621,0.334726292,-0.058094595,0.675813135,0.73390773
1622,0.449378603,-0.166528613,0.629939037,0.79646765
1623,0.482375233,-0.314644183,0.613491981,0.928136164
1624,0.49267184,-0.856700011,0.675083558,1.531783569
1625,0.486636367,-0.583049801,0.609515493,1.192565294
1626,0.453614952,-0.266764874,0.855736666,1.122501539
1627,0.477844901,-0.794453479,0.975483158,1.769936637
1628,0.518772004,-0.387660968,1.129094066,1.516755035
1629,0.528852645,-1.188872168,1.155318657,2.344190825
1630,0.547156423,-0.606220404,1.237045036,1.84326544
1631,0.544082152,-0.679670293,1.332263446,2.011933739
1632,0.519401384,-0.092726938,1.305338471,1.398065408
1633,0.528966902,-1.136578351,1.506218143,2.642796494
1634,0.526690542,-1.085345882,1.912278182,2.997624064
1635,0.559526782,-1.566937145,1.944750113,3.511687258
1636,0.502332244,-0.780140398,2.240664553,3.020804951
1637,0.537392623,-2.131347623,2.542692389,4.674040011
1638,0.567252173,-1.634804196,2.340917878,3.975722074
1639,0.553434349,-0.921895056,2.359274039,3.281169095
1640,0.566177809,-1.991412611,2.211743412,4.203156023
1641,0.585222433,-2.365323802,2.302131322,4.667455125
1642,0.557733068,-1.810629594,2.381171339,4.191800933
1643,0.588968689,-1.217749097,2.30730405,3.525053148
1644,0.595923403,-1.000897699,2.369622924,3.370520623
1645,0.594244072,-1.774921407,2.801817387,4.576738794
1646,0.558513245,-2.706934372,2.921701933,5.628636305
1647,0.612469593,-3.371573801,3.024432723,6.396006524
1648,0.599998805,-2.740613198,2.885561535,5.626174733
1649,0.606314812,-2.618877389,2.765376447,5.384253836
1650,0.514346981,-1.205748785,2.460415884,3.666164668
1651,0.561221239,-1.868475885,1.609354619,3.477830504
1652,0.512048472,-3.231011905,1.748122737,4.979134642
1653,0.625718827,-2.70796382,1.498939227,4.206903047
1654,0.623985817,-3.012839602,1.717884808,4.730724411
1655,0.626233692,-2.375797369,1.812926756,4.188724126
1656,0.62459931,-2.511831053,1.810166842,4.321997895
1657,0.613640609,-1.604351314,1.575603147,3.179954461
1658,0.592594097,-2.378419739,1.520896005,3.899315744
1659,0.620380046,-2.654387978,1.430174345,4.084562322
1660,0.63329533,-3.062169395,1.295406814,4.357576209
1661,0.641779544,-2.058310044,1.372565647,3.430875691
1662,0.630697269,-2.8537249,1.391357061,4.245081961
1663,0.635477834,-2.902097244,1.314425262,4.216522506
1664,0.641530901,-1.297907937,1.359286737,2.657194674
1665,0.591444461,-0.572844059,1.545808089,2.118652148
1666,0.660786362,-0.914898932,1.569176268,2.4840752
1667,0.654122341,-2.285077543,1.60322425,3.888301793
1668,0.651170589,-1.831234859,1.578340561,3.409575419
1669,NA,NA,NA,NA
1670,NA,NA,NA,NA
1671,NA,NA,NA,NA
1672,NA,NA,NA,NA
1673,NA,NA,NA,NA
1674,NA,NA,NA,NA
1675,NA,NA,NA,NA
1676,NA,NA,NA,NA
1677,NA,NA,NA,NA
1678,NA,NA,NA,NA
1679,NA,NA,NA,NA
1680,NA,NA,NA,NA
1681,NA,NA,NA,NA
1682,NA,NA,NA,NA
1683,NA,NA,NA,NA
1684,NA,NA,NA,NA
1685,NA,NA,NA,NA
1686,NA,NA,NA,NA
1687,NA,NA,NA,NA
1688,NA,NA,NA,NA
1689,NA,NA,NA,NA
1690,NA,NA,NA,NA
1691,NA,NA,NA,NA
1692,NA,NA,NA,NA
1693,NA,NA,NA,NA
1694,NA,NA,NA,NA
1695,NA,NA,NA,NA
1696,NA,NA,NA,NA
1697,NA,NA,NA,NA
1698,NA,NA,NA,NA
1699,NA,NA,NA,NA
1700,NA,NA,NA,NA
1701,NA,NA,NA,NA
1702,NA,NA,NA,NA
1703,NA,NA,NA,NA
1704,NA,NA,NA,NA
1705,NA,NA,NA,NA
1706,NA,NA,NA,NA
1707,NA,NA,NA,NA
1708,NA,NA,NA,NA
1709,NA,NA,NA,NA
1710,NA,NA,NA,NA
1711,NA,NA,NA,NA
1712,NA,NA,NA,NA
1713,NA,NA,NA,NA
1714,NA,NA,NA,NA
1715,NA,NA,NA,NA
1716,NA,NA,NA,NA
1717,NA,NA,NA,NA
1718,NA,NA,NA,NA
1719,NA,NA,NA,NA
1720,NA,NA,NA,NA
1721,NA,NA,NA,NA
1722,NA,NA,NA,NA
1723,NA,NA,NA,NA
1724,NA,NA,NA,NA
1725,NA,NA,NA,NA
1726,NA,NA,NA,NA
1727,NA,NA,NA,NA
1728,NA,NA,NA,NA
1729,NA,NA,NA,NA
1730,NA,NA,NA,NA
1731,NA,NA,NA,NA
1732,NA,NA,NA,NA
1733,NA,NA,NA,NA
1734,NA,NA,NA,NA
1735,NA,NA,NA,NA
1736,NA,NA,NA,NA
1737,NA,NA,NA,NA
1738,NA,NA,NA,NA
1739,NA,NA,NA,NA
1740,NA,NA,NA,NA
1741,NA,NA,NA,NA
1742,NA,NA,NA,NA
1743,NA,NA,NA,NA
1744,NA,NA,NA,NA
1745,NA,NA,NA,NA
1746,NA,NA,NA,NA
1747,NA,NA,NA,NA
1748,NA,NA,NA,NA
1749,NA,NA,NA,NA
1750,NA,NA,NA,NA
1751,NA,NA,NA,NA
1752,NA,NA,NA,NA
1753,NA,NA,NA,NA
1754,NA,NA,NA,NA
1755,NA,NA,NA,NA
1756,NA,NA,NA,NA
1757,NA,NA,NA,NA
1758,NA,NA,NA,NA
1759,NA,NA,NA,NA
1760,NA,NA,NA,NA
1761,NA,NA,NA,NA
1762,NA,NA,NA,NA
1763,NA,NA,NA,NA
1764,NA,NA,NA,NA
1765,NA,NA,NA,NA
1766,NA,NA,NA,NA
1767,NA,NA,NA,NA
1768,NA,NA,NA,NA
1769,NA,NA,NA,NA
1770,NA,NA,NA,NA
1771,NA,NA,NA,NA
1772,NA,NA,NA,NA
1773,NA,NA,NA,NA
1774,NA,NA,NA,NA
1775,NA,NA,NA,NA
1776,NA,NA,NA,NA
1777,NA,NA,NA,NA
1778,NA,NA,NA,NA
1779,NA,NA,NA,NA
1780,NA,NA,NA,NA
1781,NA,NA,NA,NA
1782,NA,NA,NA,NA
1783,NA,NA,NA,NA
1784,NA,NA,NA,NA
1785,NA,NA,NA,NA
1786,NA,NA,NA,NA
1787,NA,NA,NA,NA
1788,NA,NA,NA,NA
1789,NA,NA,NA,NA
1790,NA,NA,NA,NA
1791,NA,NA,NA,NA
1792,NA,NA,NA,NA
1793,NA,NA,NA,NA
1794,NA,NA,NA,NA
1795,NA,NA,NA,NA
1796,NA,NA,NA,NA
1797,NA,NA,NA,NA
1798,NA,NA,NA,NA
1799,NA,NA,NA,NA
1800,NA,NA,NA,NA
1801,NA,NA,NA,NA
1802,NA,NA,NA,NA
1803,NA,NA,NA,NA
1804,NA,NA,NA,NA
1805,NA,NA,NA,NA
1806,NA,NA,NA,NA
1807,NA,NA,NA,NA
1808,NA,NA,NA,NA
1809,NA,NA,NA,NA
1810,NA,NA,NA,NA
1811,NA,NA,NA,NA
1812,NA,NA,NA,NA
1813,NA,NA,NA,NA
1814,NA,NA,NA,NA
1815,NA,NA,NA,NA
1816,NA,NA,NA,NA
1817,NA,NA,NA,NA
1818,NA,NA,NA,NA
1819,NA,NA,NA,NA
1820,NA,NA,NA,NA
1821,NA,NA,NA,NA
1822,NA,NA,NA,NA
1823,NA,NA,NA,NA
1824,NA,NA,NA,NA
1825,NA,NA,NA,NA
1826,NA,NA,NA,NA
