Date,Time,Year,DOY,NEE,NDVI
2008.002732,1,2008,1,,
2008.005464,2,2008,2,,
2008.008197,3,2008,3,,
2008.010929,4,2008,4,,
2008.013661,5,2008,5,,
2008.016393,6,2008,6,,
2008.019126,7,2008,7,,
2008.021858,8,2008,8,,
2008.02459,9,2008,9,,
2008.027322,10,2008,10,,
2008.030055,11,2008,11,,
2008.032787,12,2008,12,,
2008.035519,13,2008,13,,
2008.038251,14,2008,14,,
2008.040984,15,2008,15,,
2008.043716,16,2008,16,,
2008.046448,17,2008,17,,
2008.04918,18,2008,18,,
2008.051913,19,2008,19,,
2008.054645,20,2008,20,,
2008.057377,21,2008,21,,
2008.060109,22,2008,22,,
2008.062842,23,2008,23,,
2008.065574,24,2008,24,,
2008.068306,25,2008,25,,
2008.071038,26,2008,26,,
2008.07377,27,2008,27,,
2008.076503,28,2008,28,,
2008.079235,29,2008,29,,
2008.081967,30,2008,30,,
2008.084699,31,2008,31,,
2008.087432,32,2008,32,,
2008.090164,33,2008,33,,
2008.092896,34,2008,34,,
2008.095628,35,2008,35,,
2008.098361,36,2008,36,,
2008.101093,37,2008,37,,
2008.103825,38,2008,38,,
2008.106557,39,2008,39,,
2008.10929,40,2008,40,,
2008.112022,41,2008,41,,
2008.114754,42,2008,42,,
2008.117486,43,2008,43,,
2008.120219,44,2008,44,,
2008.122951,45,2008,45,,
2008.125683,46,2008,46,,
2008.128415,47,2008,47,,
2008.131148,48,2008,48,,
2008.13388,49,2008,49,,
2008.136612,50,2008,50,,
2008.139344,51,2008,51,,
2008.142077,52,2008,52,,
2008.144809,53,2008,53,,
2008.147541,54,2008,54,,
2008.150273,55,2008,55,,
2008.153005,56,2008,56,,
2008.155738,57,2008,57,,
2008.15847,58,2008,58,,
2008.161202,59,2008,59,,
2008.163934,60,2008,60,,
2008.166667,61,2008,61,,
2008.169399,62,2008,62,,
2008.172131,63,2008,63,,
2008.174863,64,2008,64,,
2008.177596,65,2008,65,,
2008.180328,66,2008,66,,
2008.18306,67,2008,67,,
2008.185792,68,2008,68,,
2008.188525,69,2008,69,,
2008.191257,70,2008,70,,
2008.193989,71,2008,71,,
2008.196721,72,2008,72,,
2008.199454,73,2008,73,,
2008.202186,74,2008,74,,
2008.204918,75,2008,75,,
2008.20765,76,2008,76,,
2008.210383,77,2008,77,,
2008.213115,78,2008,78,,
2008.215847,79,2008,79,,
2008.218579,80,2008,80,,
2008.221311,81,2008,81,,
2008.224044,82,2008,82,,
2008.226776,83,2008,83,,
2008.229508,84,2008,84,,
2008.23224,85,2008,85,,
2008.234973,86,2008,86,,
2008.237705,87,2008,87,,
2008.240437,88,2008,88,,
2008.243169,89,2008,89,,
2008.245902,90,2008,90,,
2008.248634,91,2008,91,,
2008.251366,92,2008,92,,
2008.254098,93,2008,93,,
2008.256831,94,2008,94,,
2008.259563,95,2008,95,,
2008.262295,96,2008,96,,
2008.265027,97,2008,97,,
2008.26776,98,2008,98,,
2008.270492,99,2008,99,,
2008.273224,100,2008,100,,
2008.275956,101,2008,101,,
2008.278689,102,2008,102,,
2008.281421,103,2008,103,,
2008.284153,104,2008,104,,
2008.286885,105,2008,105,,
2008.289617,106,2008,106,,
2008.29235,107,2008,107,,
2008.295082,108,2008,108,,
2008.297814,109,2008,109,,
2008.300546,110,2008,110,,
2008.303279,111,2008,111,,
2008.306011,112,2008,112,,
2008.308743,113,2008,113,,
2008.311475,114,2008,114,,
2008.314208,115,2008,115,,
2008.31694,116,2008,116,,
2008.319672,117,2008,117,,
2008.322404,118,2008,118,,
2008.325137,119,2008,119,,
2008.327869,120,2008,120,,
2008.330601,121,2008,121,,
2008.333333,122,2008,122,,
2008.336066,123,2008,123,,
2008.338798,124,2008,124,,
2008.34153,125,2008,125,,
2008.344262,126,2008,126,,
2008.346995,127,2008,127,,
2008.349727,128,2008,128,,
2008.352459,129,2008,129,,
2008.355191,130,2008,130,,
2008.357923,131,2008,131,,
2008.360656,132,2008,132,,
2008.363388,133,2008,133,,
2008.36612,134,2008,134,,
2008.368852,135,2008,135,,
2008.371585,136,2008,136,,
2008.374317,137,2008,137,,
2008.377049,138,2008,138,,
2008.379781,139,2008,139,,
2008.382514,140,2008,140,,
2008.385246,141,2008,141,,
2008.387978,142,2008,142,,
2008.39071,143,2008,143,,
2008.393443,144,2008,144,,
2008.396175,145,2008,145,,
2008.398907,146,2008,146,,
2008.401639,147,2008,147,,
2008.404372,148,2008,148,,
2008.407104,149,2008,149,,
2008.409836,150,2008,150,,
2008.412568,151,2008,151,,
2008.415301,152,2008,152,,
2008.418033,153,2008,153,,
2008.420765,154,2008,154,,
2008.423497,155,2008,155,,
2008.42623,156,2008,156,,
2008.428962,157,2008,157,0.647529087,0.031155902
2008.431694,158,2008,158,0.573886286,0.030321362
2008.434426,159,2008,159,0.564639524,0.033128012
2008.437158,160,2008,160,0.453481214,0.030973374
2008.439891,161,2008,161,0.606754812,0.031364012
2008.442623,162,2008,162,0.582944296,0.033535575
2008.445355,163,2008,163,0.452337327,0.030939248
2008.448087,164,2008,164,0.454149902,0.030230513
2008.45082,165,2008,165,0.453560892,0.029432528
2008.453552,166,2008,166,0.454562972,0.031364105
2008.456284,167,2008,167,0.56210364,0.031176613
2008.459016,168,2008,168,0.452847903,0.033072218
2008.461749,169,2008,169,0.587267595,0.029409017
2008.464481,170,2008,170,0.452981582,0.034268422
2008.467213,171,2008,171,0.45680824,0.03477069
2008.469945,172,2008,172,0.45387447,0.030329862
2008.472678,173,2008,173,0.453969939,0.031315965
2008.47541,174,2008,174,0.455252344,0.028099635
2008.478142,175,2008,175,0.455077098,0.030380694
2008.480874,176,2008,176,0.456412016,0.029422825
2008.483607,177,2008,177,0.618003757,0.03022461
2008.486339,178,2008,178,0.454757155,0.027172593
2008.489071,179,2008,179,0.45675475,0.026223943
2008.491803,180,2008,180,0.455684533,0.02293508
2008.494536,181,2008,181,0.456640828,0.0280057
2008.497268,182,2008,182,0.45615888,0.025799849
2008.5,183,2008,183,0.4547243,0.022528605
2008.502732,184,2008,184,0.457414619,0.022948401
2008.505464,185,2008,185,0.455839429,0.024266101
2008.508197,186,2008,186,0.456444698,0.024369778
2008.510929,187,2008,187,0.456368596,0.023205394
2008.513661,188,2008,188,0.458405887,0.023012069
2008.516393,189,2008,189,0.455597395,0.024242028
2008.519126,190,2008,190,0.452514621,0.018246126
2008.521858,191,2008,191,0.457056043,0.021488898
2008.52459,192,2008,192,0.453012867,0.019626775
2008.527322,193,2008,193,0.456902559,0.025090042
2008.530055,194,2008,194,0.457039639,0.022531317
2008.532787,195,2008,195,0.455409701,0.024036474
2008.535519,196,2008,196,0.454859052,0.020323795
2008.538251,197,2008,197,0.453469029,0.023133158
2008.540984,198,2008,198,0.568609205,0.020772991
2008.543716,199,2008,199,0.599161817,0.017784426
2008.546448,200,2008,200,0.726027251,0.021897942
2008.54918,201,2008,201,0.458715675,0.02129708
2008.551913,202,2008,202,0.453590693,0.021784226
2008.554645,203,2008,203,0.764408869,0.020999521
2008.557377,204,2008,204,0.846894574,0.02082407
2008.560109,205,2008,205,0.766733552,0.017249505
2008.562842,206,2008,206,0.457555417,0.020340956
2008.565574,207,2008,207,0.453739066,0.022000157
2008.568306,208,2008,208,0.454233465,0.022291214
2008.571038,209,2008,209,0.456333563,0.0206299
2008.57377,210,2008,210,0.454175988,0.02233348
2008.576503,211,2008,211,0.718215878,0.016097951
2008.579235,212,2008,212,0.813455929,0.019262283
2008.581967,213,2008,213,0.883311952,0.017588735
2008.584699,214,2008,214,0.453387171,0.02255099
2008.587432,215,2008,215,0.967838759,0.019918821
2008.590164,216,2008,216,0.453925443,0.02239846
2008.592896,217,2008,217,0.45257777,0.019750835
2008.595628,218,2008,218,0.813016104,0.018659513
2008.598361,219,2008,219,0.67108091,0.018232757
2008.601093,220,2008,220,0.656941751,0.020906993
2008.603825,221,2008,221,0.809449651,0.019609423
2008.606557,222,2008,222,0.855339649,0.02053687
2008.60929,223,2008,223,0.822651489,0.01987723
2008.612022,224,2008,224,0.558341697,0.021526194
2008.614754,225,2008,225,0.452987794,0.023068622
2008.617486,226,2008,226,0.617158108,0.021750382
2008.620219,227,2008,227,0.624794248,0.021914694
2008.622951,228,2008,228,0.575674646,0.020842743
2008.625683,229,2008,229,0.615445642,0.021065247
2008.628415,230,2008,230,0.599547802,0.024070893
2008.631148,231,2008,231,0.929965753,0.021801744
2008.63388,232,2008,232,0.833643227,0.021027411
2008.636612,233,2008,233,0.631610314,0.02547509
2008.639344,234,2008,234,0.659655852,0.025394999
2008.642077,235,2008,235,0.710901347,0.021550343
2008.644809,236,2008,236,0.682304955,0.024955558
2008.647541,237,2008,237,0.453491838,0.025210073
2008.650273,238,2008,238,0.738004331,0.023544242
2008.653005,239,2008,239,0.686480153,0.022914277
2008.655738,240,2008,240,0.682650962,0.02343797
2008.65847,241,2008,241,0.717832837,0.024362142
2008.661202,242,2008,242,0.705227381,0.023571463
2008.663934,243,2008,243,0.628384768,0.023900056
2008.666667,244,2008,244,0.581143103,0.023944553
2008.669399,245,2008,245,0.925935507,0.023735759
2008.672131,246,2008,246,0.908481186,0.023900056
2008.674863,247,2008,247,0.697508157,0.029164105
2008.677596,248,2008,248,0.770387707,0.029164105
2008.680328,249,2008,249,0.694886347,0.029164105
2008.68306,250,2008,250,0.626823135,0.029164105
2008.685792,251,2008,251,0.858168211,0.029164105
2008.688525,252,2008,252,,0.035926222
2008.691257,253,2008,253,,0.038975282
2008.693989,254,2008,254,,0.050776023
2008.696721,255,2008,255,,0.050645122
2008.699454,256,2008,256,,
2008.702186,257,2008,257,,
2008.704918,258,2008,258,,
2008.70765,259,2008,259,,
2008.710383,260,2008,260,,
2008.713115,261,2008,261,,
2008.715847,262,2008,262,,
2008.718579,263,2008,263,,
2008.721311,264,2008,264,,
2008.724044,265,2008,265,,
2008.726776,266,2008,266,,
2008.729508,267,2008,267,,
2008.73224,268,2008,268,,
2008.734973,269,2008,269,,
2008.737705,270,2008,270,,
2008.740437,271,2008,271,,
2008.743169,272,2008,272,,
2008.745902,273,2008,273,,
2008.748634,274,2008,274,,
2008.751366,275,2008,275,,
2008.754098,276,2008,276,,
2008.756831,277,2008,277,,
2008.759563,278,2008,278,,
2008.762295,279,2008,279,,
2008.765027,280,2008,280,,
2008.76776,281,2008,281,,
2008.770492,282,2008,282,,
2008.773224,283,2008,283,,
2008.775956,284,2008,284,,
2008.778689,285,2008,285,,
2008.781421,286,2008,286,,
2008.784153,287,2008,287,,
2008.786885,288,2008,288,,
2008.789617,289,2008,289,,
2008.79235,290,2008,290,,
2008.795082,291,2008,291,,
2008.797814,292,2008,292,,
2008.800546,293,2008,293,,
2008.803279,294,2008,294,,
2008.806011,295,2008,295,,
2008.808743,296,2008,296,,
2008.811475,297,2008,297,,
2008.814208,298,2008,298,,
2008.81694,299,2008,299,,
2008.819672,300,2008,300,,
2008.822404,301,2008,301,,
2008.825137,302,2008,302,,
2008.827869,303,2008,303,,
2008.830601,304,2008,304,,
2008.833333,305,2008,305,,
2008.836066,306,2008,306,,
2008.838798,307,2008,307,,
2008.84153,308,2008,308,,
2008.844262,309,2008,309,,
2008.846995,310,2008,310,,
2008.849727,311,2008,311,,
2008.852459,312,2008,312,,
2008.855191,313,2008,313,,
2008.857923,314,2008,314,,
2008.860656,315,2008,315,,
2008.863388,316,2008,316,,
2008.86612,317,2008,317,,
2008.868852,318,2008,318,,
2008.871585,319,2008,319,,
2008.874317,320,2008,320,,
2008.877049,321,2008,321,,
2008.879781,322,2008,322,,
2008.882514,323,2008,323,,
2008.885246,324,2008,324,,
2008.887978,325,2008,325,,
2008.89071,326,2008,326,,
2008.893443,327,2008,327,,
2008.896175,328,2008,328,,
2008.898907,329,2008,329,,
2008.901639,330,2008,330,,
2008.904372,331,2008,331,,
2008.907104,332,2008,332,,
2008.909836,333,2008,333,,
2008.912568,334,2008,334,,
2008.915301,335,2008,335,,
2008.918033,336,2008,336,,
2008.920765,337,2008,337,,
2008.923497,338,2008,338,,
2008.92623,339,2008,339,,
2008.928962,340,2008,340,,
2008.931694,341,2008,341,,
2008.934426,342,2008,342,,
2008.937158,343,2008,343,,
2008.939891,344,2008,344,,
2008.942623,345,2008,345,,
2008.945355,346,2008,346,,
2008.948087,347,2008,347,,
2008.95082,348,2008,348,,
2008.953552,349,2008,349,,
2008.956284,350,2008,350,,
2008.959016,351,2008,351,,
2008.961749,352,2008,352,,
2008.964481,353,2008,353,,
2008.967213,354,2008,354,,
2008.969945,355,2008,355,,
2008.972678,356,2008,356,,
2008.97541,357,2008,357,,
2008.978142,358,2008,358,,
2008.980874,359,2008,359,,
2008.983607,360,2008,360,,
2008.986339,361,2008,361,,
2008.989071,362,2008,362,,
2008.991803,363,2008,363,,
2008.994536,364,2008,364,,
2008.997268,365,2008,365,,
2009.002732,366,2009,1,,
2009.005464,367,2009,2,,
2009.008197,368,2009,3,,
2009.010929,369,2009,4,,
2009.013661,370,2009,5,,
2009.016393,371,2009,6,,
2009.019126,372,2009,7,,
2009.021858,373,2009,8,,
2009.02459,374,2009,9,,
2009.027322,375,2009,10,,
2009.030055,376,2009,11,,
2009.032787,377,2009,12,,
2009.035519,378,2009,13,,
2009.038251,379,2009,14,,
2009.040984,380,2009,15,,
2009.043716,381,2009,16,,
2009.046448,382,2009,17,,
2009.04918,383,2009,18,,
2009.051913,384,2009,19,,
2009.054645,385,2009,20,,
2009.057377,386,2009,21,,
2009.060109,387,2009,22,,
2009.062842,388,2009,23,,
2009.065574,389,2009,24,,
2009.068306,390,2009,25,,
2009.071038,391,2009,26,,
2009.07377,392,2009,27,,
2009.076503,393,2009,28,,
2009.079235,394,2009,29,,
2009.081967,395,2009,30,,
2009.084699,396,2009,31,,
2009.087432,397,2009,32,,
2009.090164,398,2009,33,,
2009.092896,399,2009,34,,
2009.095628,400,2009,35,,
2009.098361,401,2009,36,,
2009.101093,402,2009,37,,
2009.103825,403,2009,38,,
2009.106557,404,2009,39,,
2009.10929,405,2009,40,,
2009.112022,406,2009,41,,
2009.114754,407,2009,42,,
2009.117486,408,2009,43,,
2009.120219,409,2009,44,,
2009.122951,410,2009,45,,
2009.125683,411,2009,46,,
2009.128415,412,2009,47,,
2009.131148,413,2009,48,,
2009.13388,414,2009,49,,
2009.136612,415,2009,50,,
2009.139344,416,2009,51,,
2009.142077,417,2009,52,,
2009.144809,418,2009,53,,
2009.147541,419,2009,54,,
2009.150273,420,2009,55,,
2009.153005,421,2009,56,,
2009.155738,422,2009,57,,
2009.15847,423,2009,58,,
2009.161202,424,2009,59,,
2009.163934,425,2009,60,,
2009.166667,426,2009,61,,
2009.169399,427,2009,62,,
2009.172131,428,2009,63,,
2009.174863,429,2009,64,,
2009.177596,430,2009,65,,
2009.180328,431,2009,66,,
2009.18306,432,2009,67,,
2009.185792,433,2009,68,,
2009.188525,434,2009,69,,
2009.191257,435,2009,70,,
2009.193989,436,2009,71,,
2009.196721,437,2009,72,,
2009.199454,438,2009,73,,
2009.202186,439,2009,74,,
2009.204918,440,2009,75,,
2009.20765,441,2009,76,,
2009.210383,442,2009,77,,
2009.213115,443,2009,78,,
2009.215847,444,2009,79,,
2009.218579,445,2009,80,,
2009.221311,446,2009,81,,
2009.224044,447,2009,82,,
2009.226776,448,2009,83,,
2009.229508,449,2009,84,,
2009.23224,450,2009,85,,
2009.234973,451,2009,86,,
2009.237705,452,2009,87,,
2009.240437,453,2009,88,,
2009.243169,454,2009,89,,
2009.245902,455,2009,90,,
2009.248634,456,2009,91,,
2009.251366,457,2009,92,,
2009.254098,458,2009,93,,
2009.256831,459,2009,94,,
2009.259563,460,2009,95,,
2009.262295,461,2009,96,,
2009.265027,462,2009,97,,
2009.26776,463,2009,98,,
2009.270492,464,2009,99,,
2009.273224,465,2009,100,,
2009.275956,466,2009,101,,
2009.278689,467,2009,102,,
2009.281421,468,2009,103,,
2009.284153,469,2009,104,,
2009.286885,470,2009,105,,
2009.289617,471,2009,106,,
2009.29235,472,2009,107,,
2009.295082,473,2009,108,,
2009.297814,474,2009,109,,
2009.300546,475,2009,110,,
2009.303279,476,2009,111,,
2009.306011,477,2009,112,,
2009.308743,478,2009,113,,
2009.311475,479,2009,114,,
2009.314208,480,2009,115,,
2009.31694,481,2009,116,,
2009.319672,482,2009,117,,
2009.322404,483,2009,118,,
2009.325137,484,2009,119,,
2009.327869,485,2009,120,,
2009.330601,486,2009,121,,
2009.333333,487,2009,122,,
2009.336066,488,2009,123,,
2009.338798,489,2009,124,,
2009.34153,490,2009,125,,
2009.344262,491,2009,126,,
2009.346995,492,2009,127,,
2009.349727,493,2009,128,,
2009.352459,494,2009,129,,
2009.355191,495,2009,130,,
2009.357923,496,2009,131,,
2009.360656,497,2009,132,,
2009.363388,498,2009,133,,
2009.36612,499,2009,134,,
2009.368852,500,2009,135,,
2009.371585,501,2009,136,,
2009.374317,502,2009,137,,
2009.377049,503,2009,138,,
2009.379781,504,2009,139,,
2009.382514,505,2009,140,,
2009.385246,506,2009,141,,
2009.387978,507,2009,142,,
2009.39071,508,2009,143,,
2009.393443,509,2009,144,,
2009.396175,510,2009,145,,0.034977091
2009.398907,511,2009,146,,0.036176667
2009.401639,512,2009,147,,0.035047568
2009.404372,513,2009,148,,0.029164105
2009.407104,514,2009,149,,0.046579023
2009.409836,515,2009,150,,0.033307197
2009.412568,516,2009,151,,0.032112581
2009.415301,517,2009,152,,0.031673502
2009.418033,518,2009,153,0.609145781,0.035425889
2009.420765,519,2009,154,0.453626031,0.034854807
2009.423497,520,2009,155,0.453016915,0.033121522
2009.42623,521,2009,156,0.453736433,0.03391845
2009.428962,522,2009,157,0.639848524,0.038531014
2009.431694,523,2009,158,0.608259666,0.029675842
2009.434426,524,2009,159,0.454216589,0.031851106
2009.437158,525,2009,160,0.452362491,0.036260815
2009.439891,526,2009,161,0.453246155,0.031626601
2009.442623,527,2009,162,0.454200659,0.030588555
2009.445355,528,2009,163,0.45717592,0.031467053
2009.448087,529,2009,164,0.455934026,0.032419976
2009.45082,530,2009,165,0.676623297,0.029242997
2009.453552,531,2009,166,0.455551256,0.029176356
2009.456284,532,2009,167,0.456323884,0.028783109
2009.459016,533,2009,168,0.454946809,0.028748162
2009.461749,534,2009,169,0.757253631,0.027035881
2009.464481,535,2009,170,0.711578703,0.02572488
2009.467213,536,2009,171,0.689518006,0.033142646
2009.469945,537,2009,172,0.452919986,0.030200246
2009.472678,538,2009,173,0.457301465,0.030606526
2009.47541,539,2009,174,0.56093106,0.025444661
2009.478142,540,2009,175,0.561125893,0.026065756
2009.480874,541,2009,176,0.456997743,0.029465316
2009.483607,542,2009,177,0.453361556,0.032042262
2009.486339,543,2009,178,0.694637171,0.029346996
2009.489071,544,2009,179,0.578980698,0.026039231
2009.491803,545,2009,180,0.457905934,0.02839132
2009.494536,546,2009,181,0.456388492,0.02795612
2009.497268,547,2009,182,0.458238491,0.02708771
2009.5,548,2009,183,0.457246914,0.026658863
2009.502732,549,2009,184,0.459380578,0.024725509
2009.505464,550,2009,185,0.459683286,0.025134264
2009.508197,551,2009,186,0.459763552,0.025042816
2009.510929,552,2009,187,0.457444519,0.026982435
2009.513661,553,2009,188,0.455006941,0.025237178
2009.516393,554,2009,189,0.455194668,0.026971166
2009.519126,555,2009,190,0.583487882,0.028672829
2009.521858,556,2009,191,0.453781464,0.022219823
2009.52459,557,2009,192,0.453943013,0.026117067
2009.527322,558,2009,193,0.453833559,0.02536414
2009.530055,559,2009,194,0.458430807,0.024304755
2009.532787,560,2009,195,0.455847183,0.024962933
2009.535519,561,2009,196,0.458943724,0.02052912
2009.538251,562,2009,197,0.458121854,0.025112073
2009.540984,563,2009,198,0.457224621,0.024462797
2009.543716,564,2009,199,0.457678849,0.02459532
2009.546448,565,2009,200,0.457716958,0.024564237
2009.54918,566,2009,201,0.454434769,0.023600421
2009.551913,567,2009,202,0.454107389,0.021914969
2009.554645,568,2009,203,0.454033581,0.02615556
2009.557377,569,2009,204,0.822833601,0.027132813
2009.560109,570,2009,205,0.455904105,0.023180586
2009.562842,571,2009,206,0.453150223,0.024237493
2009.565574,572,2009,207,0.453864953,0.024717313
2009.568306,573,2009,208,0.578288943,0.026438612
2009.571038,574,2009,209,0.452361271,0.022925785
2009.57377,575,2009,210,0.602208673,0.024603948
2009.576503,576,2009,211,0.570517387,0.028199567
2009.579235,577,2009,212,0.649061271,0.02135915
2009.581967,578,2009,213,0.454553783,0.021820261
2009.584699,579,2009,214,0.453830424,0.024675806
2009.587432,580,2009,215,0.453256598,0.019957696
2009.590164,581,2009,216,0.453300143,0.019490834
2009.592896,582,2009,217,0.454778668,0.019252283
2009.595628,583,2009,218,0.453938944,0.020494488
2009.598361,584,2009,219,0.45432633,0.023835431
2009.601093,585,2009,220,0.633182477,0.027245108
2009.603825,586,2009,221,0.748514333,0.024769796
2009.606557,587,2009,222,0.95487329,0.025496061
2009.60929,588,2009,223,0.452366389,0.025659412
2009.612022,589,2009,224,0.588320427,0.023725441
2009.614754,590,2009,225,0.453124813,0.024188395
2009.617486,591,2009,226,0.633100383,0.028240295
2009.620219,592,2009,227,0.723704856,0.025578344
2009.622951,593,2009,228,0.618990048,0.028145931
2009.625683,594,2009,229,0.674862346,0.029096026
2009.628415,595,2009,230,0.674993808,0.028702031
2009.631148,596,2009,231,0.653136072,0.027412765
2009.63388,597,2009,232,0.658694789,0.024207536
2009.636612,598,2009,233,0.625633921,0.031506668
2009.639344,599,2009,234,0.571113157,0.028301729
2009.642077,600,2009,235,0.600547527,0.035367251
2009.644809,601,2009,236,0.712243659,0.029635712
2009.647541,602,2009,237,0.788501947,0.028786043
2009.650273,603,2009,238,0.781856443,0.024216866
2009.653005,604,2009,239,0.731482199,0.026501455
2009.655738,605,2009,240,,0.026501455
2009.65847,606,2009,241,,0.024216866
2009.661202,607,2009,242,,
2009.663934,608,2009,243,,
2009.666667,609,2009,244,,
2009.669399,610,2009,245,,
2009.672131,611,2009,246,,
2009.674863,612,2009,247,,
2009.677596,613,2009,248,,
2009.680328,614,2009,249,,
2009.68306,615,2009,250,,
2009.685792,616,2009,251,,
2009.688525,617,2009,252,,
2009.691257,618,2009,253,,
2009.693989,619,2009,254,,
2009.696721,620,2009,255,,
2009.699454,621,2009,256,,
2009.702186,622,2009,257,,
2009.704918,623,2009,258,,
2009.70765,624,2009,259,,
2009.710383,625,2009,260,,
2009.713115,626,2009,261,,
2009.715847,627,2009,262,,
2009.718579,628,2009,263,,
2009.721311,629,2009,264,,
2009.724044,630,2009,265,,
2009.726776,631,2009,266,,
2009.729508,632,2009,267,,
2009.73224,633,2009,268,,
2009.734973,634,2009,269,,
2009.737705,635,2009,270,,
2009.740437,636,2009,271,,
2009.743169,637,2009,272,,
2009.745902,638,2009,273,,
2009.748634,639,2009,274,,
2009.751366,640,2009,275,,
2009.754098,641,2009,276,,
2009.756831,642,2009,277,,
2009.759563,643,2009,278,,
2009.762295,644,2009,279,,
2009.765027,645,2009,280,,
2009.76776,646,2009,281,,
2009.770492,647,2009,282,,
2009.773224,648,2009,283,,
2009.775956,649,2009,284,,
2009.778689,650,2009,285,,
2009.781421,651,2009,286,,
2009.784153,652,2009,287,,
2009.786885,653,2009,288,,
2009.789617,654,2009,289,,
2009.79235,655,2009,290,,
2009.795082,656,2009,291,,
2009.797814,657,2009,292,,
2009.800546,658,2009,293,,
2009.803279,659,2009,294,,
2009.806011,660,2009,295,,
2009.808743,661,2009,296,,
2009.811475,662,2009,297,,
2009.814208,663,2009,298,,
2009.81694,664,2009,299,,
2009.819672,665,2009,300,,
2009.822404,666,2009,301,,
2009.825137,667,2009,302,,
2009.827869,668,2009,303,,
2009.830601,669,2009,304,,
2009.833333,670,2009,305,,
2009.836066,671,2009,306,,
2009.838798,672,2009,307,,
2009.84153,673,2009,308,,
2009.844262,674,2009,309,,
2009.846995,675,2009,310,,
2009.849727,676,2009,311,,
2009.852459,677,2009,312,,
2009.855191,678,2009,313,,
2009.857923,679,2009,314,,
2009.860656,680,2009,315,,
2009.863388,681,2009,316,,
2009.86612,682,2009,317,,
2009.868852,683,2009,318,,
2009.871585,684,2009,319,,
2009.874317,685,2009,320,,
2009.877049,686,2009,321,,
2009.879781,687,2009,322,,
2009.882514,688,2009,323,,
2009.885246,689,2009,324,,
2009.887978,690,2009,325,,
2009.89071,691,2009,326,,
2009.893443,692,2009,327,,
2009.896175,693,2009,328,,
2009.898907,694,2009,329,,
2009.901639,695,2009,330,,
2009.904372,696,2009,331,,
2009.907104,697,2009,332,,
2009.909836,698,2009,333,,
2009.912568,699,2009,334,,
2009.915301,700,2009,335,,
2009.918033,701,2009,336,,
2009.920765,702,2009,337,,
2009.923497,703,2009,338,,
2009.92623,704,2009,339,,
2009.928962,705,2009,340,,
2009.931694,706,2009,341,,
2009.934426,707,2009,342,,
2009.937158,708,2009,343,,
2009.939891,709,2009,344,,
2009.942623,710,2009,345,,
2009.945355,711,2009,346,,
2009.948087,712,2009,347,,
2009.95082,713,2009,348,,
2009.953552,714,2009,349,,
2009.956284,715,2009,350,,
2009.959016,716,2009,351,,
2009.961749,717,2009,352,,
2009.964481,718,2009,353,,
2009.967213,719,2009,354,,
2009.969945,720,2009,355,,
2009.972678,721,2009,356,,
2009.97541,722,2009,357,,
2009.978142,723,2009,358,,
2009.980874,724,2009,359,,
2009.983607,725,2009,360,,
2009.986339,726,2009,361,,
2009.989071,727,2009,362,,
2009.991803,728,2009,363,,
2009.994536,729,2009,364,,
2009.997268,730,2009,365,,
2010.002732,731,2010,1,,
2010.005464,732,2010,2,,
2010.008197,733,2010,3,,
2010.010929,734,2010,4,,
2010.013661,735,2010,5,,
2010.016393,736,2010,6,,
2010.019126,737,2010,7,,
2010.021858,738,2010,8,,
2010.02459,739,2010,9,,
2010.027322,740,2010,10,,
2010.030055,741,2010,11,,
2010.032787,742,2010,12,,
2010.035519,743,2010,13,,
2010.038251,744,2010,14,,
2010.040984,745,2010,15,,
2010.043716,746,2010,16,,
2010.046448,747,2010,17,,
2010.04918,748,2010,18,,
2010.051913,749,2010,19,,
2010.054645,750,2010,20,,
2010.057377,751,2010,21,,
2010.060109,752,2010,22,,
2010.062842,753,2010,23,,
2010.065574,754,2010,24,,
2010.068306,755,2010,25,,
2010.071038,756,2010,26,,
2010.07377,757,2010,27,,
2010.076503,758,2010,28,,
2010.079235,759,2010,29,,
2010.081967,760,2010,30,,
2010.084699,761,2010,31,,
2010.087432,762,2010,32,,
2010.090164,763,2010,33,,
2010.092896,764,2010,34,,
2010.095628,765,2010,35,,
2010.098361,766,2010,36,,
2010.101093,767,2010,37,,
2010.103825,768,2010,38,,
2010.106557,769,2010,39,,
2010.10929,770,2010,40,,
2010.112022,771,2010,41,,
2010.114754,772,2010,42,,
2010.117486,773,2010,43,,
2010.120219,774,2010,44,,
2010.122951,775,2010,45,,
2010.125683,776,2010,46,,
2010.128415,777,2010,47,,
2010.131148,778,2010,48,,
2010.13388,779,2010,49,,
2010.136612,780,2010,50,,
2010.139344,781,2010,51,,
2010.142077,782,2010,52,,
2010.144809,783,2010,53,,
2010.147541,784,2010,54,,
2010.150273,785,2010,55,,
2010.153005,786,2010,56,,
2010.155738,787,2010,57,,
2010.15847,788,2010,58,,
2010.161202,789,2010,59,,
2010.163934,790,2010,60,,
2010.166667,791,2010,61,,
2010.169399,792,2010,62,,
2010.172131,793,2010,63,,
2010.174863,794,2010,64,,
2010.177596,795,2010,65,,
2010.180328,796,2010,66,,
2010.18306,797,2010,67,,
2010.185792,798,2010,68,,
2010.188525,799,2010,69,,
2010.191257,800,2010,70,,
2010.193989,801,2010,71,,
2010.196721,802,2010,72,,
2010.199454,803,2010,73,,
2010.202186,804,2010,74,,
2010.204918,805,2010,75,,
2010.20765,806,2010,76,,
2010.210383,807,2010,77,,
2010.213115,808,2010,78,,
2010.215847,809,2010,79,,
2010.218579,810,2010,80,,
2010.221311,811,2010,81,,
2010.224044,812,2010,82,,
2010.226776,813,2010,83,,
2010.229508,814,2010,84,,
2010.23224,815,2010,85,,
2010.234973,816,2010,86,,
2010.237705,817,2010,87,,
2010.240437,818,2010,88,,
2010.243169,819,2010,89,,
2010.245902,820,2010,90,,
2010.248634,821,2010,91,,
2010.251366,822,2010,92,,
2010.254098,823,2010,93,,
2010.256831,824,2010,94,,
2010.259563,825,2010,95,,
2010.262295,826,2010,96,,
2010.265027,827,2010,97,,
2010.26776,828,2010,98,,
2010.270492,829,2010,99,,
2010.273224,830,2010,100,,
2010.275956,831,2010,101,,
2010.278689,832,2010,102,,
2010.281421,833,2010,103,,
2010.284153,834,2010,104,,
2010.286885,835,2010,105,,
2010.289617,836,2010,106,,
2010.29235,837,2010,107,,
2010.295082,838,2010,108,,
2010.297814,839,2010,109,,
2010.300546,840,2010,110,,
2010.303279,841,2010,111,,
2010.306011,842,2010,112,,
2010.308743,843,2010,113,,
2010.311475,844,2010,114,,
2010.314208,845,2010,115,,
2010.31694,846,2010,116,,
2010.319672,847,2010,117,,
2010.322404,848,2010,118,,
2010.325137,849,2010,119,,
2010.327869,850,2010,120,,
2010.330601,851,2010,121,,
2010.333333,852,2010,122,,
2010.336066,853,2010,123,,
2010.338798,854,2010,124,,
2010.34153,855,2010,125,,
2010.344262,856,2010,126,,
2010.346995,857,2010,127,,
2010.349727,858,2010,128,,
2010.352459,859,2010,129,,
2010.355191,860,2010,130,,
2010.357923,861,2010,131,,
2010.360656,862,2010,132,,
2010.363388,863,2010,133,,
2010.36612,864,2010,134,,
2010.368852,865,2010,135,,
2010.371585,866,2010,136,,
2010.374317,867,2010,137,,
2010.377049,868,2010,138,,
2010.379781,869,2010,139,,
2010.382514,870,2010,140,,
2010.385246,871,2010,141,,
2010.387978,872,2010,142,,
2010.39071,873,2010,143,,
2010.393443,874,2010,144,,
2010.396175,875,2010,145,,
2010.398907,876,2010,146,,
2010.401639,877,2010,147,0.697583532,
2010.404372,878,2010,148,0.697329777,
2010.407104,879,2010,149,0.697076023,
2010.409836,880,2010,150,0.732836146,
2010.412568,881,2010,151,0.730926839,
2010.415301,882,2010,152,0.753841444,0.032482716
2010.418033,883,2010,153,0.766777004,0.032312575
2010.420765,884,2010,154,0.719698844,0.032731891
2010.423497,885,2010,155,0.715295251,0.032582761
2010.42623,886,2010,156,0.713093454,0.032135004
2010.428962,887,2010,157,0.455591342,0.032482716
2010.431694,888,2010,158,0.453205656,0.032142434
2010.434426,889,2010,159,0.636880706,0.033570522
2010.437158,890,2010,160,0.611170678,0.032135373
2010.439891,891,2010,161,0.454236724,0.030343977
2010.442623,892,2010,162,0.614513303,0.030249385
2010.445355,893,2010,163,0.453084149,0.027769937
2010.448087,894,2010,164,0.454991605,0.028809727
2010.45082,895,2010,165,0.454071156,0.028938922
2010.453552,896,2010,166,0.573379489,0.030177237
2010.456284,897,2010,167,0.452893277,0.026783525
2010.459016,898,2010,168,0.452537707,0.026070044
2010.461749,899,2010,169,0.454770143,0.025018226
2010.464481,900,2010,170,0.456528972,0.023339415
2010.467213,901,2010,171,0.455813407,0.025009484
2010.469945,902,2010,172,0.455981739,0.026191665
2010.472678,903,2010,173,0.653605727,0.023815363
2010.47541,904,2010,174,0.456636662,0.026037878
2010.478142,905,2010,175,0.457801033,0.024539356
2010.480874,906,2010,176,0.457692292,0.02531758
2010.483607,907,2010,177,0.605409075,0.024340149
2010.486339,908,2010,178,0.579986266,0.02520913
2010.489071,909,2010,179,0.456069125,0.025144398
2010.491803,910,2010,180,0.455378093,0.025661539
2010.494536,911,2010,181,0.456660069,0.020117292
2010.497268,912,2010,182,0.458010583,0.022694017
2010.5,913,2010,183,0.4583721,0.020933941
2010.502732,914,2010,184,0.45310281,0.01654926
2010.505464,915,2010,185,0.457846945,0.021914869
2010.508197,916,2010,186,0.602342362,0.020781712
2010.510929,917,2010,187,0.705748191,0.020198816
2010.513661,918,2010,188,0.560150823,0.018818897
2010.516393,919,2010,189,0.454266488,0.020619099
2010.519126,920,2010,190,0.457431895,0.022754875
2010.521858,921,2010,191,0.457072473,0.019122154
2010.52459,922,2010,192,0.455768954,0.021029664
2010.527322,923,2010,193,0.710119071,0.018866506
2010.530055,924,2010,194,0.456194028,0.019635494
2010.532787,925,2010,195,0.738872446,0.015769362
2010.535519,926,2010,196,0.56828903,0.018034278
2010.538251,927,2010,197,0.457744763,0.018459647
2010.540984,928,2010,198,0.45446646,0.014470622
2010.543716,929,2010,199,0.45408948,0.021355179
2010.546448,930,2010,200,0.454601182,0.019161978
2010.54918,931,2010,201,0.458148247,0.018789651
2010.551913,932,2010,202,0.456543805,0.021492945
2010.554645,933,2010,203,0.455548174,0.018560752
2010.557377,934,2010,204,0.456245621,0.019896761
2010.560109,935,2010,205,0.458130341,0.018594385
2010.562842,936,2010,206,0.454603592,0.016928015
2010.565574,937,2010,207,0.455561265,0.017856844
2010.568306,938,2010,208,0.456433163,0.016595563
2010.571038,939,2010,209,0.454864257,0.020265335
2010.57377,940,2010,210,0.634028634,0.021459115
2010.576503,941,2010,211,0.454786508,0.019359929
2010.579235,942,2010,212,0.45498146,0.017950514
2010.581967,943,2010,213,0.454260721,0.016237029
2010.584699,944,2010,214,0.454632689,0.021637439
2010.587432,945,2010,215,0.45307782,0.02112835
2010.590164,946,2010,216,0.454967544,0.020218116
2010.592896,947,2010,217,0.71266109,0.022860878
2010.595628,948,2010,218,0.749371671,0.021428259
2010.598361,949,2010,219,0.454250816,0.021360246
2010.601093,950,2010,220,0.569946879,0.023220942
2010.603825,951,2010,221,0.454969048,0.022657921
2010.606557,952,2010,222,0.773635711,0.01696189
2010.60929,953,2010,223,0.456237462,0.022949714
2010.612022,954,2010,224,0.573618016,0.02065226
2010.614754,955,2010,225,0.576825287,0.015918009
2010.617486,956,2010,226,0.453271679,0.019478291
2010.620219,957,2010,227,0.457146365,0.017410732
2010.622951,958,2010,228,0.455885534,0.02038454
2010.625683,959,2010,229,0.587895645,0.015899492
2010.628415,960,2010,230,0.693047105,0.023426224
2010.631148,961,2010,231,0.855778979,0.019892598
2010.63388,962,2010,232,0.73091009,0.020125509
2010.636612,963,2010,233,0.624529595,0.019761122
2010.639344,964,2010,234,0.649740634,0.020488719
2010.642077,965,2010,235,0.45304983,0.020288247
2010.644809,966,2010,236,0.61005773,0.018999844
2010.647541,967,2010,237,0.452755745,0.022014915
2010.650273,968,2010,238,0.583817259,0.02308253
2010.653005,969,2010,239,0.595029168,0.023830065
2010.655738,970,2010,240,0.60834238,0.024492101
2010.65847,971,2010,241,0.617125772,0.025152478
2010.661202,972,2010,242,0.618525766,0.027261572
2010.663934,973,2010,243,0.642785721,0.026341448
2010.666667,974,2010,244,0.601616355,0.029239801
2010.669399,975,2010,245,0.64118727,0.028426008
2010.672131,976,2010,246,0.677980663,0.028204
2010.674863,977,2010,247,0.710978919,0.028404187
2010.677596,978,2010,248,0.723904516,0.022630304
2010.680328,979,2010,249,0.452376456,0.026472295
2010.68306,980,2010,250,0.707969721,0.032299786
2010.685792,981,2010,251,0.684404846,0.031818171
2010.688525,982,2010,252,0.694872164,0.030480435
2010.691257,983,2010,253,0.676522272,0.031064476
2010.693989,984,2010,254,0.714210181,0.030057695
2010.696721,985,2010,255,0.658108792,0.02874315
2010.699454,986,2010,256,0.705150445,0.032096288
2010.702186,987,2010,257,0.697567103,0.031291618
2010.704918,988,2010,258,0.711169921,0.033539577
2010.70765,989,2010,259,0.808353096,0.032515459
2010.710383,990,2010,260,0.738867383,0.032655183
2010.713115,991,2010,261,0.73350728,0.033134354
2010.715847,992,2010,262,0.734929884,0.033134354
2010.718579,993,2010,263,0.730808974,0.033134354
2010.721311,994,2010,264,,0.033134354
2010.724044,995,2010,265,,
2010.726776,996,2010,266,,
2010.729508,997,2010,267,,
2010.73224,998,2010,268,,
2010.734973,999,2010,269,,
2010.737705,1000,2010,270,,
2010.740437,1001,2010,271,,
2010.743169,1002,2010,272,,
2010.745902,1003,2010,273,,
2010.748634,1004,2010,274,,
2010.751366,1005,2010,275,,
2010.754098,1006,2010,276,,
2010.756831,1007,2010,277,,
2010.759563,1008,2010,278,,
2010.762295,1009,2010,279,,
2010.765027,1010,2010,280,,
2010.76776,1011,2010,281,,
2010.770492,1012,2010,282,,
2010.773224,1013,2010,283,,
2010.775956,1014,2010,284,,
2010.778689,1015,2010,285,,
2010.781421,1016,2010,286,,
2010.784153,1017,2010,287,,
2010.786885,1018,2010,288,,
2010.789617,1019,2010,289,,
2010.79235,1020,2010,290,,
2010.795082,1021,2010,291,,
2010.797814,1022,2010,292,,
2010.800546,1023,2010,293,,
2010.803279,1024,2010,294,,
2010.806011,1025,2010,295,,
2010.808743,1026,2010,296,,
2010.811475,1027,2010,297,,
2010.814208,1028,2010,298,,
2010.81694,1029,2010,299,,
2010.819672,1030,2010,300,,
2010.822404,1031,2010,301,,
2010.825137,1032,2010,302,,
2010.827869,1033,2010,303,,
2010.830601,1034,2010,304,,
2010.833333,1035,2010,305,,
2010.836066,1036,2010,306,,
2010.838798,1037,2010,307,,
2010.84153,1038,2010,308,,
2010.844262,1039,2010,309,,
2010.846995,1040,2010,310,,
2010.849727,1041,2010,311,,
2010.852459,1042,2010,312,,
2010.855191,1043,2010,313,,
2010.857923,1044,2010,314,,
2010.860656,1045,2010,315,,
2010.863388,1046,2010,316,,
2010.86612,1047,2010,317,,
2010.868852,1048,2010,318,,
2010.871585,1049,2010,319,,
2010.874317,1050,2010,320,,
2010.877049,1051,2010,321,,
2010.879781,1052,2010,322,,
2010.882514,1053,2010,323,,
2010.885246,1054,2010,324,,
2010.887978,1055,2010,325,,
2010.89071,1056,2010,326,,
2010.893443,1057,2010,327,,
2010.896175,1058,2010,328,,
2010.898907,1059,2010,329,,
2010.901639,1060,2010,330,,
2010.904372,1061,2010,331,,
2010.907104,1062,2010,332,,
2010.909836,1063,2010,333,,
2010.912568,1064,2010,334,,
2010.915301,1065,2010,335,,
2010.918033,1066,2010,336,,
2010.920765,1067,2010,337,,
2010.923497,1068,2010,338,,
2010.92623,1069,2010,339,,
2010.928962,1070,2010,340,,
2010.931694,1071,2010,341,,
2010.934426,1072,2010,342,,
2010.937158,1073,2010,343,,
2010.939891,1074,2010,344,,
2010.942623,1075,2010,345,,
2010.945355,1076,2010,346,,
2010.948087,1077,2010,347,,
2010.95082,1078,2010,348,,
2010.953552,1079,2010,349,,
2010.956284,1080,2010,350,,
2010.959016,1081,2010,351,,
2010.961749,1082,2010,352,,
2010.964481,1083,2010,353,,
2010.967213,1084,2010,354,,
2010.969945,1085,2010,355,,
2010.972678,1086,2010,356,,
2010.97541,1087,2010,357,,
2010.978142,1088,2010,358,,
2010.980874,1089,2010,359,,
2010.983607,1090,2010,360,,
2010.986339,1091,2010,361,,
2010.989071,1092,2010,362,,
2010.991803,1093,2010,363,,
2010.994536,1094,2010,364,,
2010.997268,1095,2010,365,,
2011.002732,1096,2011,1,,
2011.005464,1097,2011,2,,
2011.008197,1098,2011,3,,
2011.010929,1099,2011,4,,
2011.013661,1100,2011,5,,
2011.016393,1101,2011,6,,
2011.019126,1102,2011,7,,
2011.021858,1103,2011,8,,
2011.02459,1104,2011,9,,
2011.027322,1105,2011,10,,
2011.030055,1106,2011,11,,
2011.032787,1107,2011,12,,
2011.035519,1108,2011,13,,
2011.038251,1109,2011,14,,
2011.040984,1110,2011,15,,
2011.043716,1111,2011,16,,
2011.046448,1112,2011,17,,
2011.04918,1113,2011,18,,
2011.051913,1114,2011,19,,
2011.054645,1115,2011,20,,
2011.057377,1116,2011,21,,
2011.060109,1117,2011,22,,
2011.062842,1118,2011,23,,
2011.065574,1119,2011,24,,
2011.068306,1120,2011,25,,
2011.071038,1121,2011,26,,
2011.07377,1122,2011,27,,
2011.076503,1123,2011,28,,
2011.079235,1124,2011,29,,
2011.081967,1125,2011,30,,
2011.084699,1126,2011,31,,
2011.087432,1127,2011,32,,
2011.090164,1128,2011,33,,
2011.092896,1129,2011,34,,
2011.095628,1130,2011,35,,
2011.098361,1131,2011,36,,
2011.101093,1132,2011,37,,
2011.103825,1133,2011,38,,
2011.106557,1134,2011,39,,
2011.10929,1135,2011,40,,
2011.112022,1136,2011,41,,
2011.114754,1137,2011,42,,
2011.117486,1138,2011,43,,
2011.120219,1139,2011,44,,
2011.122951,1140,2011,45,,
2011.125683,1141,2011,46,,
2011.128415,1142,2011,47,,
2011.131148,1143,2011,48,,
2011.13388,1144,2011,49,,
2011.136612,1145,2011,50,,
2011.139344,1146,2011,51,,
2011.142077,1147,2011,52,,
2011.144809,1148,2011,53,,
2011.147541,1149,2011,54,,
2011.150273,1150,2011,55,,
2011.153005,1151,2011,56,,
2011.155738,1152,2011,57,,
2011.15847,1153,2011,58,,
2011.161202,1154,2011,59,,
2011.163934,1155,2011,60,,
2011.166667,1156,2011,61,,
2011.169399,1157,2011,62,,
2011.172131,1158,2011,63,,
2011.174863,1159,2011,64,,
2011.177596,1160,2011,65,,
2011.180328,1161,2011,66,,
2011.18306,1162,2011,67,,
2011.185792,1163,2011,68,,
2011.188525,1164,2011,69,,
2011.191257,1165,2011,70,,
2011.193989,1166,2011,71,,
2011.196721,1167,2011,72,,
2011.199454,1168,2011,73,,
2011.202186,1169,2011,74,,
2011.204918,1170,2011,75,,
2011.20765,1171,2011,76,,
2011.210383,1172,2011,77,,
2011.213115,1173,2011,78,,
2011.215847,1174,2011,79,,
2011.218579,1175,2011,80,,
2011.221311,1176,2011,81,,
2011.224044,1177,2011,82,,
2011.226776,1178,2011,83,,
2011.229508,1179,2011,84,,
2011.23224,1180,2011,85,,
2011.234973,1181,2011,86,,
2011.237705,1182,2011,87,,
2011.240437,1183,2011,88,,
2011.243169,1184,2011,89,,
2011.245902,1185,2011,90,,
2011.248634,1186,2011,91,,
2011.251366,1187,2011,92,,
2011.254098,1188,2011,93,,
2011.256831,1189,2011,94,,
2011.259563,1190,2011,95,,
2011.262295,1191,2011,96,,
2011.265027,1192,2011,97,,
2011.26776,1193,2011,98,,
2011.270492,1194,2011,99,,
2011.273224,1195,2011,100,,
2011.275956,1196,2011,101,,
2011.278689,1197,2011,102,,
2011.281421,1198,2011,103,,
2011.284153,1199,2011,104,,
2011.286885,1200,2011,105,,
2011.289617,1201,2011,106,,
2011.29235,1202,2011,107,,
2011.295082,1203,2011,108,,
2011.297814,1204,2011,109,,
2011.300546,1205,2011,110,,
2011.303279,1206,2011,111,,
2011.306011,1207,2011,112,,
2011.308743,1208,2011,113,,
2011.311475,1209,2011,114,,
2011.314208,1210,2011,115,,
2011.31694,1211,2011,116,,
2011.319672,1212,2011,117,,
2011.322404,1213,2011,118,,
2011.325137,1214,2011,119,,
2011.327869,1215,2011,120,,
2011.330601,1216,2011,121,,
2011.333333,1217,2011,122,,
2011.336066,1218,2011,123,,
2011.338798,1219,2011,124,,
2011.34153,1220,2011,125,,
2011.344262,1221,2011,126,,
2011.346995,1222,2011,127,,
2011.349727,1223,2011,128,,
2011.352459,1224,2011,129,,
2011.355191,1225,2011,130,,
2011.357923,1226,2011,131,,
2011.360656,1227,2011,132,,
2011.363388,1228,2011,133,,
2011.36612,1229,2011,134,,
2011.368852,1230,2011,135,0.677692659,
2011.371585,1231,2011,136,0.678258446,
2011.374317,1232,2011,137,0.679363106,
2011.377049,1233,2011,138,0.6799549,
2011.379781,1234,2011,139,0.677718301,
2011.382514,1235,2011,140,0.697516534,
2011.385246,1236,2011,141,0.683281364,
2011.387978,1237,2011,142,0.680871685,
2011.39071,1238,2011,143,0.663674311,
2011.393443,1239,2011,144,0.452645466,0.035266049
2011.396175,1240,2011,145,0.660342773,0.03610413
2011.398907,1241,2011,146,0.650042538,0.036311399
2011.401639,1242,2011,147,0.653635479,0.035695014
2011.404372,1243,2011,148,0.452696073,0.034688764
2011.407104,1244,2011,149,0.628630636,0.035266049
2011.409836,1245,2011,150,0.606377549,0.036942211
2011.412568,1246,2011,151,0.668750612,0.036725937
2011.415301,1247,2011,152,0.65746582,0.03384586
2011.418033,1248,2011,153,0.647397719,0.030663761
2011.420765,1249,2011,154,0.610397538,0.03322002
2011.423497,1250,2011,155,0.452876607,0.035252794
2011.42623,1251,2011,156,0.575355629,0.031623279
2011.428962,1252,2011,157,0.452874169,0.032418279
2011.431694,1253,2011,158,0.575211945,0.032010228
2011.434426,1254,2011,159,0.613889698,0.031140282
2011.437158,1255,2011,160,0.452294622,0.031237291
2011.439891,1256,2011,161,0.452726329,0.032275351
2011.442623,1257,2011,162,0.57462957,0.029835054
2011.445355,1258,2011,163,0.848145661,0.028582491
2011.448087,1259,2011,164,0.747444336,0.032074327
2011.45082,1260,2011,165,0.454125862,0.036231198
2011.453552,1261,2011,166,0.453251151,0.033634412
2011.456284,1262,2011,167,0.453124914,0.032645365
2011.459016,1263,2011,168,0.563505045,0.034195833
2011.461749,1264,2011,169,0.453972738,0.029194912
2011.464481,1265,2011,170,0.454745949,0.030103217
2011.467213,1266,2011,171,0.455191571,0.031265902
2011.469945,1267,2011,172,0.456354231,0.033728495
2011.472678,1268,2011,173,0.454464212,0.030864519
2011.47541,1269,2011,174,0.45661006,0.033629351
2011.478142,1270,2011,175,0.457001021,0.028268382
2011.480874,1271,2011,176,0.455119981,0.029401275
2011.483607,1272,2011,177,0.454421803,0.026189005
2011.486339,1273,2011,178,0.454986734,0.02880264
2011.489071,1274,2011,179,0.458778741,0.024233785
2011.491803,1275,2011,180,0.825687375,0.026173975
2011.494536,1276,2011,181,0.738797558,0.028383495
2011.497268,1277,2011,182,0.619401259,0.023823071
2011.5,1278,2011,183,0.458564284,0.024777738
2011.502732,1279,2011,184,0.459726326,0.02406983
2011.505464,1280,2011,185,0.769238291,0.02404444
2011.508197,1281,2011,186,0.456820064,0.027687653
2011.510929,1282,2011,187,0.458385338,0.025154662
2011.513661,1283,2011,188,0.458689685,0.024923584
2011.516393,1284,2011,189,0.457764299,0.020327824
2011.519126,1285,2011,190,,0.020906736
2011.521858,1286,2011,191,,0.023495496
2011.52459,1287,2011,192,0.45305918,0.021591154
2011.527322,1288,2011,193,0.452539968,0.023124421
2011.530055,1289,2011,194,0.453177223,0.021723801
2011.532787,1290,2011,195,0.457718528,0.019769235
2011.535519,1291,2011,196,0.459912651,0.021944544
2011.538251,1292,2011,197,0.455263765,0.023066869
2011.540984,1293,2011,198,0.45842117,0.021538731
2011.543716,1294,2011,199,0.459897158,0.022427631
2011.546448,1295,2011,200,0.458076314,0.021558865
2011.54918,1296,2011,201,0.455562242,0.021011695
2011.551913,1297,2011,202,0.456706244,0.022774999
2011.554645,1298,2011,203,0.456684385,0.023315999
2011.557377,1299,2011,204,0.455476221,0.023429862
2011.560109,1300,2011,205,0.459093339,0.020338245
2011.562842,1301,2011,206,0.65733655,0.022212602
2011.565574,1302,2011,207,0.457590555,0.022157172
2011.568306,1303,2011,208,0.458717331,0.021646028
2011.571038,1304,2011,209,0.454825324,0.022485082
2011.57377,1305,2011,210,0.453161133,0.021307609
2011.576503,1306,2011,211,0.454443375,0.02302082
2011.579235,1307,2011,212,0.455296886,0.022980231
2011.581967,1308,2011,213,0.456410615,0.02471833
2011.584699,1309,2011,214,0.580593022,0.020849524
2011.587432,1310,2011,215,0.453813455,0.025834471
2011.590164,1311,2011,216,0.455969202,0.020559552
2011.592896,1312,2011,217,0.453147451,0.020774371
2011.595628,1313,2011,218,0.453907983,0.021729997
2011.598361,1314,2011,219,0.600827246,0.01966605
2011.601093,1315,2011,220,0.568862669,0.025846285
2011.603825,1316,2011,221,0.454864556,0.022122512
2011.606557,1317,2011,222,0.696191649,0.02711225
2011.60929,1318,2011,223,0.454426885,0.023644422
2011.612022,1319,2011,224,0.454465123,0.023187664
2011.614754,1320,2011,225,0.62187377,0.025215385
2011.617486,1321,2011,226,0.690416559,0.023986538
2011.620219,1322,2011,227,0.650757636,0.024323986
2011.622951,1323,2011,228,0.838718781,0.024016572
2011.625683,1324,2011,229,0.798830534,0.026726238
2011.628415,1325,2011,230,0.574757376,0.021746884
2011.631148,1326,2011,231,0.593848981,0.023368604
2011.63388,1327,2011,232,0.583263713,0.026006553
2011.636612,1328,2011,233,0.613411097,0.020293721
2011.639344,1329,2011,234,0.590176825,0.026008827
2011.642077,1330,2011,235,0.648760743,0.03190117
2011.644809,1331,2011,236,0.638487426,0.029021156
2011.647541,1332,2011,237,0.580987635,0.030421622
2011.650273,1333,2011,238,0.453340996,0.030236397
2011.653005,1334,2011,239,0.453347728,0.029486841
2011.655738,1335,2011,240,0.453524519,0.023944838
2011.65847,1336,2011,241,0.452848417,0.027353182
2011.661202,1337,2011,242,0.453619682,0.03070611
2011.663934,1338,2011,243,0.587137814,0.031241719
2011.666667,1339,2011,244,0.727773656,0.024465057
2011.669399,1340,2011,245,0.75131351,0.024954523
2011.672131,1341,2011,246,0.758552866,0.02856566
2011.674863,1342,2011,247,0.712251049,0.03336194
2011.677596,1343,2011,248,0.788108881,0.036307609
2011.680328,1344,2011,249,0.735916544,0.031819347
2011.68306,1345,2011,250,0.713230432,0.032875466
2011.685792,1346,2011,251,0.726028086,0.032336349
2011.688525,1347,2011,252,,0.030087383
2011.691257,1348,2011,253,0.755763767,0.030087383
2011.693989,1349,2011,254,0.721312121,0.02904218
2011.696721,1350,2011,255,0.732138917,0.032790134
2011.699454,1351,2011,256,0.730106307,0.031205474
2011.702186,1352,2011,257,,0.027311744
2011.704918,1353,2011,258,0.712310656,0.035950468
2011.70765,1354,2011,259,0.756876141,0.033131855
2011.710383,1355,2011,260,0.735053017,0.043750959
2011.713115,1356,2011,261,0.718510121,0.047512641
2011.715847,1357,2011,262,,0.041465152
2011.718579,1358,2011,263,,0.0456318
2011.721311,1359,2011,264,,0.047512641
2011.724044,1360,2011,265,,
2011.726776,1361,2011,266,,
2011.729508,1362,2011,267,,
2011.73224,1363,2011,268,,
2011.734973,1364,2011,269,,
2011.737705,1365,2011,270,,
2011.740437,1366,2011,271,,
2011.743169,1367,2011,272,,
2011.745902,1368,2011,273,,
2011.748634,1369,2011,274,,
2011.751366,1370,2011,275,,
2011.754098,1371,2011,276,,
2011.756831,1372,2011,277,,
2011.759563,1373,2011,278,,
2011.762295,1374,2011,279,,
2011.765027,1375,2011,280,,
2011.76776,1376,2011,281,,
2011.770492,1377,2011,282,,
2011.773224,1378,2011,283,,
2011.775956,1379,2011,284,,
2011.778689,1380,2011,285,,
2011.781421,1381,2011,286,,
2011.784153,1382,2011,287,,
2011.786885,1383,2011,288,,
2011.789617,1384,2011,289,,
2011.79235,1385,2011,290,,
2011.795082,1386,2011,291,,
2011.797814,1387,2011,292,,
2011.800546,1388,2011,293,,
2011.803279,1389,2011,294,,
2011.806011,1390,2011,295,,
2011.808743,1391,2011,296,,
2011.811475,1392,2011,297,,
2011.814208,1393,2011,298,,
2011.81694,1394,2011,299,,
2011.819672,1395,2011,300,,
2011.822404,1396,2011,301,,
2011.825137,1397,2011,302,,
2011.827869,1398,2011,303,,
2011.830601,1399,2011,304,,
2011.833333,1400,2011,305,,
2011.836066,1401,2011,306,,
2011.838798,1402,2011,307,,
2011.84153,1403,2011,308,,
2011.844262,1404,2011,309,,
2011.846995,1405,2011,310,,
2011.849727,1406,2011,311,,
2011.852459,1407,2011,312,,
2011.855191,1408,2011,313,,
2011.857923,1409,2011,314,,
2011.860656,1410,2011,315,,
2011.863388,1411,2011,316,,
2011.86612,1412,2011,317,,
2011.868852,1413,2011,318,,
2011.871585,1414,2011,319,,
2011.874317,1415,2011,320,,
2011.877049,1416,2011,321,,
2011.879781,1417,2011,322,,
2011.882514,1418,2011,323,,
2011.885246,1419,2011,324,,
2011.887978,1420,2011,325,,
2011.89071,1421,2011,326,,
2011.893443,1422,2011,327,,
2011.896175,1423,2011,328,,
2011.898907,1424,2011,329,,
2011.901639,1425,2011,330,,
2011.904372,1426,2011,331,,
2011.907104,1427,2011,332,,
2011.909836,1428,2011,333,,
2011.912568,1429,2011,334,,
2011.915301,1430,2011,335,,
2011.918033,1431,2011,336,,
2011.920765,1432,2011,337,,
2011.923497,1433,2011,338,,
2011.92623,1434,2011,339,,
2011.928962,1435,2011,340,,
2011.931694,1436,2011,341,,
2011.934426,1437,2011,342,,
2011.937158,1438,2011,343,,
2011.939891,1439,2011,344,,
2011.942623,1440,2011,345,,
2011.945355,1441,2011,346,,
2011.948087,1442,2011,347,,
2011.95082,1443,2011,348,,
2011.953552,1444,2011,349,,
2011.956284,1445,2011,350,,
2011.959016,1446,2011,351,,
2011.961749,1447,2011,352,,
2011.964481,1448,2011,353,,
2011.967213,1449,2011,354,,
2011.969945,1450,2011,355,,
2011.972678,1451,2011,356,,
2011.97541,1452,2011,357,,
2011.978142,1453,2011,358,,
2011.980874,1454,2011,359,,
2011.983607,1455,2011,360,,
2011.986339,1456,2011,361,,
2011.989071,1457,2011,362,,
2011.991803,1458,2011,363,,
2011.994536,1459,2011,364,,
2011.997268,1460,2011,365,,
2012.002732,1461,2012,1,,
2012.005464,1462,2012,2,,
2012.008197,1463,2012,3,,
2012.010929,1464,2012,4,,
2012.013661,1465,2012,5,,
2012.016393,1466,2012,6,,
2012.019126,1467,2012,7,,
2012.021858,1468,2012,8,,
2012.02459,1469,2012,9,,
2012.027322,1470,2012,10,,
2012.030055,1471,2012,11,,
2012.032787,1472,2012,12,,
2012.035519,1473,2012,13,,
2012.038251,1474,2012,14,,
2012.040984,1475,2012,15,,
2012.043716,1476,2012,16,,
2012.046448,1477,2012,17,,
2012.04918,1478,2012,18,,
2012.051913,1479,2012,19,,
2012.054645,1480,2012,20,,
2012.057377,1481,2012,21,,
2012.060109,1482,2012,22,,
2012.062842,1483,2012,23,,
2012.065574,1484,2012,24,,
2012.068306,1485,2012,25,,
2012.071038,1486,2012,26,,
2012.07377,1487,2012,27,,
2012.076503,1488,2012,28,,
2012.079235,1489,2012,29,,
2012.081967,1490,2012,30,,
2012.084699,1491,2012,31,,
2012.087432,1492,2012,32,,
2012.090164,1493,2012,33,,
2012.092896,1494,2012,34,,
2012.095628,1495,2012,35,,
2012.098361,1496,2012,36,,
2012.101093,1497,2012,37,,
2012.103825,1498,2012,38,,
2012.106557,1499,2012,39,,
2012.10929,1500,2012,40,,
2012.112022,1501,2012,41,,
2012.114754,1502,2012,42,,
2012.117486,1503,2012,43,,
2012.120219,1504,2012,44,,
2012.122951,1505,2012,45,,
2012.125683,1506,2012,46,,
2012.128415,1507,2012,47,,
2012.131148,1508,2012,48,,
2012.13388,1509,2012,49,,
2012.136612,1510,2012,50,,
2012.139344,1511,2012,51,,
2012.142077,1512,2012,52,,
2012.144809,1513,2012,53,,
2012.147541,1514,2012,54,,
2012.150273,1515,2012,55,,
2012.153005,1516,2012,56,,
2012.155738,1517,2012,57,,
2012.15847,1518,2012,58,,
2012.161202,1519,2012,59,,
2012.163934,1520,2012,60,,
2012.166667,1521,2012,61,,
2012.169399,1522,2012,62,,
2012.172131,1523,2012,63,,
2012.174863,1524,2012,64,,
2012.177596,1525,2012,65,,
2012.180328,1526,2012,66,,
2012.18306,1527,2012,67,,
2012.185792,1528,2012,68,,
2012.188525,1529,2012,69,,
2012.191257,1530,2012,70,,
2012.193989,1531,2012,71,,
2012.196721,1532,2012,72,,
2012.199454,1533,2012,73,,
2012.202186,1534,2012,74,,
2012.204918,1535,2012,75,,
2012.20765,1536,2012,76,,
2012.210383,1537,2012,77,,
2012.213115,1538,2012,78,,
2012.215847,1539,2012,79,,
2012.218579,1540,2012,80,,
2012.221311,1541,2012,81,,
2012.224044,1542,2012,82,,
2012.226776,1543,2012,83,,
2012.229508,1544,2012,84,,
2012.23224,1545,2012,85,,
2012.234973,1546,2012,86,,
2012.237705,1547,2012,87,,
2012.240437,1548,2012,88,,
2012.243169,1549,2012,89,,
2012.245902,1550,2012,90,,
2012.248634,1551,2012,91,,
2012.251366,1552,2012,92,,
2012.254098,1553,2012,93,,
2012.256831,1554,2012,94,,
2012.259563,1555,2012,95,,
2012.262295,1556,2012,96,,
2012.265027,1557,2012,97,,
2012.26776,1558,2012,98,,
2012.270492,1559,2012,99,,
2012.273224,1560,2012,100,,
2012.275956,1561,2012,101,,
2012.278689,1562,2012,102,,
2012.281421,1563,2012,103,,
2012.284153,1564,2012,104,,
2012.286885,1565,2012,105,,
2012.289617,1566,2012,106,,
2012.29235,1567,2012,107,,
2012.295082,1568,2012,108,,
2012.297814,1569,2012,109,,
2012.300546,1570,2012,110,,
2012.303279,1571,2012,111,,
2012.306011,1572,2012,112,,
2012.308743,1573,2012,113,,
2012.311475,1574,2012,114,,
2012.314208,1575,2012,115,,
2012.31694,1576,2012,116,,
2012.319672,1577,2012,117,,
2012.322404,1578,2012,118,,
2012.325137,1579,2012,119,,
2012.327869,1580,2012,120,,
2012.330601,1581,2012,121,,
2012.333333,1582,2012,122,,
2012.336066,1583,2012,123,,
2012.338798,1584,2012,124,,
2012.34153,1585,2012,125,,
2012.344262,1586,2012,126,,
2012.346995,1587,2012,127,,
2012.349727,1588,2012,128,,
2012.352459,1589,2012,129,,
2012.355191,1590,2012,130,,
2012.357923,1591,2012,131,0.691974377,
2012.360656,1592,2012,132,0.681646863,
2012.363388,1593,2012,133,0.686467889,
2012.36612,1594,2012,134,0.699767901,
2012.368852,1595,2012,135,0.705573157,
2012.371585,1596,2012,136,0.704556583,
2012.374317,1597,2012,137,0.702228789,
2012.377049,1598,2012,138,0.691549743,
2012.379781,1599,2012,139,0.691505428,
2012.382514,1600,2012,140,0.698474007,
2012.385246,1601,2012,141,0.697132827,
2012.387978,1602,2012,142,0.717851227,
2012.39071,1603,2012,143,0.713700164,
2012.393443,1604,2012,144,0.6998569,
2012.396175,1605,2012,145,0.687847844,
2012.398907,1606,2012,146,0.713492174,
2012.401639,1607,2012,147,0.61437984,
2012.404372,1608,2012,148,0.635244683,
2012.407104,1609,2012,149,0.632337544,
2012.409836,1610,2012,150,0.59872191,0.054507653
2012.412568,1611,2012,151,0.636098438,0.047367521
2012.415301,1612,2012,152,0.684318981,0.04470519
2012.418033,1613,2012,153,0.635137316,0.043654935
2012.420765,1614,2012,154,0.631405126,0.043071505
2012.423497,1615,2012,155,0.624434211,0.041910497
2012.42623,1616,2012,156,0.454181828,0.04022739
2012.428962,1617,2012,157,0.559265136,0.039380527
2012.431694,1618,2012,158,0.453789658,0.040504171
2012.434426,1619,2012,159,0.453855215,0.040737787
2012.437158,1620,2012,160,0.454119827,0.043002474
2012.439891,1621,2012,161,0.557224291,0.038822933
2012.442623,1622,2012,162,0.574889475,0.038874499
2012.445355,1623,2012,163,0.571014481,0.033158792
2012.448087,1624,2012,164,0.453248979,0.03961321
2012.45082,1625,2012,165,,0.035203143
2012.453552,1626,2012,166,0.455245974,0.03431657
2012.456284,1627,2012,167,0.453009012,0.034050593
2012.459016,1628,2012,168,0.452917688,0.034432901
2012.461749,1629,2012,169,0.596381465,0.035309651
2012.464481,1630,2012,170,0.454410528,0.031868929
2012.467213,1631,2012,171,0.456218602,0.031748054
2012.469945,1632,2012,172,0.452880909,0.030588148
2012.472678,1633,2012,173,0.456674887,0.031172853
2012.47541,1634,2012,174,0.458072394,0.030390102
2012.478142,1635,2012,175,,0.028767173
2012.480874,1636,2012,176,0.454830014,0.027412666
2012.483607,1637,2012,177,0.455050014,0.029405192
2012.486339,1638,2012,178,0.453019522,0.028753813
2012.489071,1639,2012,179,0.452949255,0.028258256
2012.491803,1640,2012,180,0.454118013,0.027812167
2012.494536,1641,2012,181,0.458759793,0.030100477
2012.497268,1642,2012,182,0.454456134,0.030355542
2012.5,1643,2012,183,0.456067537,0.027133206
2012.502732,1644,2012,184,0.457258097,0.026289388
2012.505464,1645,2012,185,0.459448384,0.02518222
2012.508197,1646,2012,186,0.456941921,0.022926679
2012.510929,1647,2012,187,,0.024821303
2012.513661,1648,2012,188,0.459570193,0.024072943
2012.516393,1649,2012,189,0.459240895,0.023273494
2012.519126,1650,2012,190,0.455455009,0.027266348
2012.521858,1651,2012,191,0.456171308,0.020822206
2012.52459,1652,2012,192,0.457425066,0.020920691
2012.527322,1653,2012,193,0.459340714,0.019795637
2012.530055,1654,2012,194,0.454559899,0.02341634
2012.532787,1655,2012,195,0.560811258,0.020840847
2012.535519,1656,2012,196,0.454609082,0.017913479
2012.538251,1657,2012,197,0.458681872,0.024714001
2012.540984,1658,2012,198,0.453693314,0.022199539
2012.543716,1659,2012,199,0.453361473,0.02229653
2012.546448,1660,2012,200,0.456106325,0.020120686
2012.54918,1661,2012,201,,0.022100205
2012.551913,1662,2012,202,0.455172717,0.022929668
2012.554645,1663,2012,203,0.687050905,0.02232853
2012.557377,1664,2012,204,0.458785849,0.022790059
2012.560109,1665,2012,205,0.453688227,0.022484491
2012.562842,1666,2012,206,0.453669401,0.021880464
2012.565574,1667,2012,207,0.456925221,0.023264383
2012.568306,1668,2012,208,0.454210854,0.022829955
2012.571038,1669,2012,209,0.45406601,0.022516635
2012.57377,1670,2012,210,0.452697664,0.022843329
2012.576503,1671,2012,211,0.570105847,0.024457498
2012.579235,1672,2012,212,0.454881506,0.024192818
2012.581967,1673,2012,213,0.454616957,0.025369622
2012.584699,1674,2012,214,0.455831389,0.023481492
2012.587432,1675,2012,215,0.453418933,0.02395168
2012.590164,1676,2012,216,0.639106873,0.021266704
2012.592896,1677,2012,217,0.454263471,0.021309411
2012.595628,1678,2012,218,0.454260118,0.020542261
2012.598361,1679,2012,219,0.717748672,0.024309997
2012.601093,1680,2012,220,0.635547486,0.023661964
2012.603825,1681,2012,221,0.45366315,0.021524426
2012.606557,1682,2012,222,0.455033578,0.019006496
2012.60929,1683,2012,223,0.595509308,0.020639744
2012.612022,1684,2012,224,0.615023108,0.025936271
2012.614754,1685,2012,225,0.454586511,0.023103213
2012.617486,1686,2012,226,0.453022119,0.0227326
2012.620219,1687,2012,227,0.632555791,0.027965336
2012.622951,1688,2012,228,0.45258427,0.026017522
2012.625683,1689,2012,229,0.668769551,0.024932323
2012.628415,1690,2012,230,0.635958524,0.025263614
2012.631148,1691,2012,231,0.639519557,0.029811938
2012.63388,1692,2012,232,0.663224326,0.029147366
2012.636612,1693,2012,233,0.454408453,0.025183783
2012.639344,1694,2012,234,0.658338258,0.026192164
2012.642077,1695,2012,235,0.632664948,0.028826599
2012.644809,1696,2012,236,0.454485046,0.028365967
2012.647541,1697,2012,237,0.453380431,0.028669018
2012.650273,1698,2012,238,0.710944528,0.026551655
2012.653005,1699,2012,239,0.615549845,0.028197199
2012.655738,1700,2012,240,0.772775319,0.02885964
2012.65847,1701,2012,241,0.70187165,0.027906369
2012.661202,1702,2012,242,0.696832492,0.026233588
2012.663934,1703,2012,243,0.758900212,0.030322989
2012.666667,1704,2012,244,0.752546257,0.028668361
2012.669399,1705,2012,245,0.765778682,0.028452289
2012.672131,1706,2012,246,0.776543548,0.02963556
2012.674863,1707,2012,247,0.785803277,0.028918736
2012.677596,1708,2012,248,,0.029043924
2012.680328,1709,2012,249,,0.02963556
2012.68306,1710,2012,250,,
2012.685792,1711,2012,251,,
2012.688525,1712,2012,252,,
2012.691257,1713,2012,253,,
2012.693989,1714,2012,254,,0.030860032
2012.696721,1715,2012,255,,0.023396077
2012.699454,1716,2012,256,,0.033065756
2012.702186,1717,2012,257,,0.033007894
2012.704918,1718,2012,258,,0.032950033
2012.70765,1719,2012,259,,0.029554412
2012.710383,1720,2012,260,,0.029564884
2012.713115,1721,2012,261,,0.027032483
2012.715847,1722,2012,262,,0.032763125
2012.718579,1723,2012,263,,0.025655171
2012.721311,1724,2012,264,,0.033168447
2012.724044,1725,2012,265,,0.02274034
2012.726776,1726,2012,266,,0.030769659
2012.729508,1727,2012,267,,0.023745124
2012.73224,1728,2012,268,,0.038571629
2012.734973,1729,2012,269,,0.028325599
2012.737705,1730,2012,270,,
2012.740437,1731,2012,271,,
2012.743169,1732,2012,272,,
2012.745902,1733,2012,273,,
2012.748634,1734,2012,274,,
2012.751366,1735,2012,275,,
2012.754098,1736,2012,276,,
2012.756831,1737,2012,277,,
2012.759563,1738,2012,278,,
2012.762295,1739,2012,279,,
2012.765027,1740,2012,280,,
2012.76776,1741,2012,281,,
2012.770492,1742,2012,282,,
2012.773224,1743,2012,283,,
2012.775956,1744,2012,284,,
2012.778689,1745,2012,285,,
2012.781421,1746,2012,286,,
2012.784153,1747,2012,287,,
2012.786885,1748,2012,288,,
2012.789617,1749,2012,289,,
2012.79235,1750,2012,290,,
2012.795082,1751,2012,291,,
2012.797814,1752,2012,292,,
2012.800546,1753,2012,293,,
2012.803279,1754,2012,294,,
2012.806011,1755,2012,295,,
2012.808743,1756,2012,296,,
2012.811475,1757,2012,297,,
2012.814208,1758,2012,298,,
2012.81694,1759,2012,299,,
2012.819672,1760,2012,300,,
2012.822404,1761,2012,301,,
2012.825137,1762,2012,302,,
2012.827869,1763,2012,303,,
2012.830601,1764,2012,304,,
2012.833333,1765,2012,305,,
2012.836066,1766,2012,306,,
2012.838798,1767,2012,307,,
2012.84153,1768,2012,308,,
2012.844262,1769,2012,309,,
2012.846995,1770,2012,310,,
2012.849727,1771,2012,311,,
2012.852459,1772,2012,312,,
2012.855191,1773,2012,313,,
2012.857923,1774,2012,314,,
2012.860656,1775,2012,315,,
2012.863388,1776,2012,316,,
2012.86612,1777,2012,317,,
2012.868852,1778,2012,318,,
2012.871585,1779,2012,319,,
2012.874317,1780,2012,320,,
2012.877049,1781,2012,321,,
2012.879781,1782,2012,322,,
2012.882514,1783,2012,323,,
2012.885246,1784,2012,324,,
2012.887978,1785,2012,325,,
2012.89071,1786,2012,326,,
2012.893443,1787,2012,327,,
2012.896175,1788,2012,328,,
2012.898907,1789,2012,329,,
2012.901639,1790,2012,330,,
2012.904372,1791,2012,331,,
2012.907104,1792,2012,332,,
2012.909836,1793,2012,333,,
2012.912568,1794,2012,334,,
2012.915301,1795,2012,335,,
2012.918033,1796,2012,336,,
2012.920765,1797,2012,337,,
2012.923497,1798,2012,338,,
2012.92623,1799,2012,339,,
2012.928962,1800,2012,340,,
2012.931694,1801,2012,341,,
2012.934426,1802,2012,342,,
2012.937158,1803,2012,343,,
2012.939891,1804,2012,344,,
2012.942623,1805,2012,345,,
2012.945355,1806,2012,346,,
2012.948087,1807,2012,347,,
2012.95082,1808,2012,348,,
2012.953552,1809,2012,349,,
2012.956284,1810,2012,350,,
2012.959016,1811,2012,351,,
2012.961749,1812,2012,352,,
2012.964481,1813,2012,353,,
2012.967213,1814,2012,354,,
2012.969945,1815,2012,355,,
2012.972678,1816,2012,356,,
2012.97541,1817,2012,357,,
2012.978142,1818,2012,358,,
2012.980874,1819,2012,359,,
2012.983607,1820,2012,360,,
2012.986339,1821,2012,361,,
2012.989071,1822,2012,362,,
2012.991803,1823,2012,363,,
2012.994536,1824,2012,364,,
2012.997268,1825,2012,365,,
2013,1826,2012,366,,
2013.002732,1827,2013,1,,
2013.005464,1828,2013,2,,
2013.008197,1829,2013,3,,
2013.010929,1830,2013,4,,
2013.013661,1831,2013,5,,
2013.016393,1832,2013,6,,
2013.019126,1833,2013,7,,
2013.021858,1834,2013,8,,
2013.02459,1835,2013,9,,
2013.027322,1836,2013,10,,
2013.030055,1837,2013,11,,
2013.032787,1838,2013,12,,
2013.035519,1839,2013,13,,
2013.038251,1840,2013,14,,
2013.040984,1841,2013,15,,
2013.043716,1842,2013,16,,
2013.046448,1843,2013,17,,
2013.04918,1844,2013,18,,
2013.051913,1845,2013,19,,
2013.054645,1846,2013,20,,
2013.057377,1847,2013,21,,
2013.060109,1848,2013,22,,
2013.062842,1849,2013,23,,
2013.065574,1850,2013,24,,
2013.068306,1851,2013,25,,
2013.071038,1852,2013,26,,
2013.07377,1853,2013,27,,
2013.076503,1854,2013,28,,
2013.079235,1855,2013,29,,
2013.081967,1856,2013,30,,
2013.084699,1857,2013,31,,
2013.087432,1858,2013,32,,
2013.090164,1859,2013,33,,
2013.092896,1860,2013,34,,
2013.095628,1861,2013,35,,
2013.098361,1862,2013,36,,
2013.101093,1863,2013,37,,
2013.103825,1864,2013,38,,
2013.106557,1865,2013,39,,
2013.10929,1866,2013,40,,
2013.112022,1867,2013,41,,
2013.114754,1868,2013,42,,
2013.117486,1869,2013,43,,
2013.120219,1870,2013,44,,
2013.122951,1871,2013,45,,
2013.125683,1872,2013,46,,
2013.128415,1873,2013,47,,
2013.131148,1874,2013,48,,
2013.13388,1875,2013,49,,
2013.136612,1876,2013,50,,
2013.139344,1877,2013,51,,
2013.142077,1878,2013,52,,
2013.144809,1879,2013,53,,
2013.147541,1880,2013,54,,
2013.150273,1881,2013,55,,
2013.153005,1882,2013,56,,
2013.155738,1883,2013,57,,
2013.15847,1884,2013,58,,
2013.161202,1885,2013,59,,
2013.163934,1886,2013,60,,
2013.166667,1887,2013,61,,
2013.169399,1888,2013,62,,
2013.172131,1889,2013,63,,
2013.174863,1890,2013,64,,
2013.177596,1891,2013,65,,
2013.180328,1892,2013,66,,
2013.18306,1893,2013,67,,
2013.185792,1894,2013,68,,
2013.188525,1895,2013,69,,
2013.191257,1896,2013,70,,
2013.193989,1897,2013,71,,
2013.196721,1898,2013,72,,
2013.199454,1899,2013,73,,
2013.202186,1900,2013,74,,
2013.204918,1901,2013,75,,
2013.20765,1902,2013,76,,
2013.210383,1903,2013,77,,
2013.213115,1904,2013,78,,
2013.215847,1905,2013,79,,
2013.218579,1906,2013,80,,
2013.221311,1907,2013,81,,
2013.224044,1908,2013,82,,
2013.226776,1909,2013,83,,
2013.229508,1910,2013,84,,
2013.23224,1911,2013,85,,
2013.234973,1912,2013,86,,
2013.237705,1913,2013,87,,
2013.240437,1914,2013,88,,
2013.243169,1915,2013,89,,
2013.245902,1916,2013,90,,
2013.248634,1917,2013,91,,
2013.251366,1918,2013,92,,
2013.254098,1919,2013,93,,
2013.256831,1920,2013,94,,
2013.259563,1921,2013,95,,
2013.262295,1922,2013,96,,
2013.265027,1923,2013,97,,
2013.26776,1924,2013,98,,
2013.270492,1925,2013,99,,
2013.273224,1926,2013,100,,
2013.275956,1927,2013,101,,
2013.278689,1928,2013,102,,
2013.281421,1929,2013,103,,
2013.284153,1930,2013,104,,
2013.286885,1931,2013,105,,
2013.289617,1932,2013,106,,
2013.29235,1933,2013,107,,
2013.295082,1934,2013,108,,
2013.297814,1935,2013,109,,
2013.300546,1936,2013,110,,
2013.303279,1937,2013,111,,
2013.306011,1938,2013,112,,
2013.308743,1939,2013,113,,
2013.311475,1940,2013,114,,
2013.314208,1941,2013,115,,
2013.31694,1942,2013,116,,
2013.319672,1943,2013,117,,
2013.322404,1944,2013,118,,
2013.325137,1945,2013,119,,
2013.327869,1946,2013,120,,
2013.330601,1947,2013,121,,
2013.333333,1948,2013,122,,
2013.336066,1949,2013,123,,
2013.338798,1950,2013,124,,
2013.34153,1951,2013,125,,
2013.344262,1952,2013,126,,
2013.346995,1953,2013,127,,
2013.349727,1954,2013,128,,
2013.352459,1955,2013,129,,
2013.355191,1956,2013,130,,
2013.357923,1957,2013,131,,
2013.360656,1958,2013,132,,
2013.363388,1959,2013,133,,
2013.36612,1960,2013,134,,
2013.368852,1961,2013,135,,
2013.371585,1962,2013,136,,
2013.374317,1963,2013,137,,
2013.377049,1964,2013,138,,
2013.379781,1965,2013,139,,
2013.382514,1966,2013,140,,
2013.385246,1967,2013,141,,
2013.387978,1968,2013,142,,
2013.39071,1969,2013,143,,
2013.393443,1970,2013,144,,
2013.396175,1971,2013,145,,
2013.398907,1972,2013,146,,
2013.401639,1973,2013,147,0.636678351,
2013.404372,1974,2013,148,0.639959633,
2013.407104,1975,2013,149,0.636245159,
2013.409836,1976,2013,150,0.641780633,
2013.412568,1977,2013,151,0.62147128,
2013.415301,1978,2013,152,0.612282112,
2013.418033,1979,2013,153,0.613902854,
2013.420765,1980,2013,154,0.635557279,
2013.423497,1981,2013,155,0.636733544,0.047206772
2013.42623,1982,2013,156,0.601264301,0.047206772
2013.428962,1983,2013,157,0.631701409,0.043811172
2013.431694,1984,2013,158,0.630970437,0.04181939
2013.434426,1985,2013,159,0.634293367,0.041188903
2013.437158,1986,2013,160,0.621066444,0.039544849
2013.439891,1987,2013,161,0.621559102,0.038397159
2013.442623,1988,2013,162,0.608546652,0.037019972
2013.445355,1989,2013,163,0.452849269,0.035844043
2013.448087,1990,2013,164,0.584263464,0.03345773
2013.45082,1991,2013,165,0.665117652,0.03187099
2013.453552,1992,2013,166,0.558869242,0.03100421
2013.456284,1993,2013,167,0.57973786,0.028627688
2013.459016,1994,2013,168,0.454506672,0.03107025
2013.461749,1995,2013,169,0.563214101,0.02978727
2013.464481,1996,2013,170,0.57410589,0.028876715
2013.467213,1997,2013,171,0.722733307,0.031819295
2013.469945,1998,2013,172,0.454090961,0.031779396
2013.472678,1999,2013,173,0.454364268,0.02912297
2013.47541,2000,2013,174,0.456193308,0.030015183
2013.478142,2001,2013,175,0.455975437,0.026848604
2013.480874,2002,2013,176,,0.023165148
2013.483607,2003,2013,177,0.454479947,0.025920467
2013.486339,2004,2013,178,0.634451941,0.024167543
2013.489071,2005,2013,179,0.456593371,0.026454223
2013.491803,2006,2013,180,0.458403319,0.021037036
2013.494536,2007,2013,181,0.601796499,0.026298497
2013.497268,2008,2013,182,0.689581675,0.026347356
2013.5,2009,2013,183,0.598759551,0.022549195
2013.502732,2010,2013,184,0.45604596,0.022312171
2013.505464,2011,2013,185,0.45820262,0.025621823
2013.508197,2012,2013,186,,0.02051599
2013.510929,2013,2013,187,0.459367558,0.020292883
2013.513661,2014,2013,188,0.458913504,0.019833176
2013.516393,2015,2013,189,0.454034082,0.0204824
2013.519126,2016,2013,190,0.458340265,0.024037753
2013.521858,2017,2013,191,0.460063271,0.023295136
2013.52459,2018,2013,192,,0.017531457
2013.527322,2019,2013,193,,0.017339624
2013.530055,2020,2013,194,0.459313779,0.017751359
2013.532787,2021,2013,195,0.45788932,0.019078847
2013.535519,2022,2013,196,0.453524683,0.019054056
2013.538251,2023,2013,197,0.456679049,0.021099978
2013.540984,2024,2013,198,0.458870639,0.017688201
2013.543716,2025,2013,199,,0.018060068
2013.546448,2026,2013,200,0.455942405,0.016504198
2013.54918,2027,2013,201,0.459044242,0.016084477
2013.551913,2028,2013,202,0.459873397,0.017779505
2013.554645,2029,2013,203,0.454389235,0.017492811
2013.557377,2030,2013,204,0.644932637,0.020894111
2013.560109,2031,2013,205,0.453467647,0.015199453
2013.562842,2032,2013,206,0.458740241,0.015019107
2013.565574,2033,2013,207,0.455669005,0.015250019
2013.568306,2034,2013,208,0.596985143,0.012990473
2013.571038,2035,2013,209,0.452736763,0.01438172
2013.57377,2036,2013,210,0.455611491,0.011916445
2013.576503,2037,2013,211,0.458724813,0.01721943
2013.579235,2038,2013,212,0.45488603,0.014063423
2013.581967,2039,2013,213,0.455126588,0.015253291
2013.584699,2040,2013,214,0.453342596,0.014689545
2013.587432,2041,2013,215,0.455397104,0.013610042
2013.590164,2042,2013,216,0.453423475,0.013702686
2013.592896,2043,2013,217,0.454775165,0.014191299
2013.595628,2044,2013,218,0.457375816,0.016660238
2013.598361,2045,2013,219,0.577103217,0.012212402
2013.601093,2046,2013,220,0.647273214,0.016447609
2013.603825,2047,2013,221,0.45298248,0.013190058
2013.606557,2048,2013,222,0.453163635,0.015921938
2013.60929,2049,2013,223,0.455815766,0.016584341
2013.612022,2050,2013,224,0.452826034,0.015839296
2013.614754,2051,2013,225,0.558198619,0.016766401
2013.617486,2052,2013,226,0.729605954,0.01803054
2013.620219,2053,2013,227,0.674074424,0.02041346
2013.622951,2054,2013,228,0.703718659,0.019457668
2013.625683,2055,2013,229,0.724499981,0.018406502
2013.628415,2056,2013,230,0.714888591,0.018296953
2013.631148,2057,2013,231,0.730425164,0.018479694
2013.63388,2058,2013,232,,0.019352351
2013.636612,2059,2013,233,0.612764117,0.019667634
2013.639344,2060,2013,234,0.598844945,0.022226253
2013.642077,2061,2013,235,0.764822711,0.022226253
2013.644809,2062,2013,236,0.699067646,0.023136004
2013.647541,2063,2013,237,0.671669837,0.023136004
2013.650273,2064,2013,238,0.714885128,0.024045755
2013.653005,2065,2013,239,0.679978635,0.024045755
2013.655738,2066,2013,240,0.721985445,0.024045755
2013.65847,2067,2013,241,0.779428602,0.024045755
2013.661202,2068,2013,242,0.764853306,0.024045755
2013.663934,2069,2013,243,0.771813628,0.024045755
2013.666667,2070,2013,244,0.737428876,0.024045755
2013.669399,2071,2013,245,,
2013.672131,2072,2013,246,,
2013.674863,2073,2013,247,,
2013.677596,2074,2013,248,,
2013.680328,2075,2013,249,,
2013.68306,2076,2013,250,,
2013.685792,2077,2013,251,,
2013.688525,2078,2013,252,,
2013.691257,2079,2013,253,,
2013.693989,2080,2013,254,,
2013.696721,2081,2013,255,,
2013.699454,2082,2013,256,,
2013.702186,2083,2013,257,,
2013.704918,2084,2013,258,,
2013.70765,2085,2013,259,,
2013.710383,2086,2013,260,,
2013.713115,2087,2013,261,,
2013.715847,2088,2013,262,,
2013.718579,2089,2013,263,,
2013.721311,2090,2013,264,,
2013.724044,2091,2013,265,,
2013.726776,2092,2013,266,,
2013.729508,2093,2013,267,,
2013.73224,2094,2013,268,,
2013.734973,2095,2013,269,,
2013.737705,2096,2013,270,,
2013.740437,2097,2013,271,,
2013.743169,2098,2013,272,,
2013.745902,2099,2013,273,,
2013.748634,2100,2013,274,,
2013.751366,2101,2013,275,,
2013.754098,2102,2013,276,,
2013.756831,2103,2013,277,,
2013.759563,2104,2013,278,,
2013.762295,2105,2013,279,,
2013.765027,2106,2013,280,,
2013.76776,2107,2013,281,,
2013.770492,2108,2013,282,,
2013.773224,2109,2013,283,,
2013.775956,2110,2013,284,,
2013.778689,2111,2013,285,,
2013.781421,2112,2013,286,,
2013.784153,2113,2013,287,,
2013.786885,2114,2013,288,,
2013.789617,2115,2013,289,,
2013.79235,2116,2013,290,,
2013.795082,2117,2013,291,,
2013.797814,2118,2013,292,,
2013.800546,2119,2013,293,,
2013.803279,2120,2013,294,,
2013.806011,2121,2013,295,,
2013.808743,2122,2013,296,,
2013.811475,2123,2013,297,,
2013.814208,2124,2013,298,,
2013.81694,2125,2013,299,,
2013.819672,2126,2013,300,,
2013.822404,2127,2013,301,,
2013.825137,2128,2013,302,,
2013.827869,2129,2013,303,,
2013.830601,2130,2013,304,,
2013.833333,2131,2013,305,,
2013.836066,2132,2013,306,,
2013.838798,2133,2013,307,,
2013.84153,2134,2013,308,,
2013.844262,2135,2013,309,,
2013.846995,2136,2013,310,,
2013.849727,2137,2013,311,,
2013.852459,2138,2013,312,,
2013.855191,2139,2013,313,,
2013.857923,2140,2013,314,,
2013.860656,2141,2013,315,,
2013.863388,2142,2013,316,,
2013.86612,2143,2013,317,,
2013.868852,2144,2013,318,,
2013.871585,2145,2013,319,,
2013.874317,2146,2013,320,,
2013.877049,2147,2013,321,,
2013.879781,2148,2013,322,,
2013.882514,2149,2013,323,,
2013.885246,2150,2013,324,,
2013.887978,2151,2013,325,,
2013.89071,2152,2013,326,,
2013.893443,2153,2013,327,,
2013.896175,2154,2013,328,,
2013.898907,2155,2013,329,,
2013.901639,2156,2013,330,,
2013.904372,2157,2013,331,,
2013.907104,2158,2013,332,,
2013.909836,2159,2013,333,,
2013.912568,2160,2013,334,,
2013.915301,2161,2013,335,,
2013.918033,2162,2013,336,,
2013.920765,2163,2013,337,,
2013.923497,2164,2013,338,,
2013.92623,2165,2013,339,,
2013.928962,2166,2013,340,,
2013.931694,2167,2013,341,,
2013.934426,2168,2013,342,,
2013.937158,2169,2013,343,,
2013.939891,2170,2013,344,,
2013.942623,2171,2013,345,,
2013.945355,2172,2013,346,,
2013.948087,2173,2013,347,,
2013.95082,2174,2013,348,,
2013.953552,2175,2013,349,,
2013.956284,2176,2013,350,,
2013.959016,2177,2013,351,,
2013.961749,2178,2013,352,,
2013.964481,2179,2013,353,,
2013.967213,2180,2013,354,,
2013.969945,2181,2013,355,,
2013.972678,2182,2013,356,,
2013.97541,2183,2013,357,,
2013.978142,2184,2013,358,,
2013.980874,2185,2013,359,,
2013.983607,2186,2013,360,,
2013.986339,2187,2013,361,,
2013.989071,2188,2013,362,,
2013.991803,2189,2013,363,,
2013.994536,2190,2013,364,,
2013.997268,2191,2013,365,,
2014.002732,2192,2014,1,,
2014.005464,2193,2014,2,,
2014.008197,2194,2014,3,,
2014.010929,2195,2014,4,,
2014.013661,2196,2014,5,,
2014.016393,2197,2014,6,,
2014.019126,2198,2014,7,,
2014.021858,2199,2014,8,,
2014.02459,2200,2014,9,,
2014.027322,2201,2014,10,,
2014.030055,2202,2014,11,,
2014.032787,2203,2014,12,,
2014.035519,2204,2014,13,,
2014.038251,2205,2014,14,,
2014.040984,2206,2014,15,,
2014.043716,2207,2014,16,,
2014.046448,2208,2014,17,,
2014.04918,2209,2014,18,,
2014.051913,2210,2014,19,,
2014.054645,2211,2014,20,,
2014.057377,2212,2014,21,,
2014.060109,2213,2014,22,,
2014.062842,2214,2014,23,,
2014.065574,2215,2014,24,,
2014.068306,2216,2014,25,,
2014.071038,2217,2014,26,,
2014.07377,2218,2014,27,,
2014.076503,2219,2014,28,,
2014.079235,2220,2014,29,,
2014.081967,2221,2014,30,,
2014.084699,2222,2014,31,,
2014.087432,2223,2014,32,,
2014.090164,2224,2014,33,,
2014.092896,2225,2014,34,,
2014.095628,2226,2014,35,,
2014.098361,2227,2014,36,,
2014.101093,2228,2014,37,,
2014.103825,2229,2014,38,,
2014.106557,2230,2014,39,,
2014.10929,2231,2014,40,,
2014.112022,2232,2014,41,,
2014.114754,2233,2014,42,,
2014.117486,2234,2014,43,,
2014.120219,2235,2014,44,,
2014.122951,2236,2014,45,,
2014.125683,2237,2014,46,,
2014.128415,2238,2014,47,,
2014.131148,2239,2014,48,,
2014.13388,2240,2014,49,,
2014.136612,2241,2014,50,,
2014.139344,2242,2014,51,,
2014.142077,2243,2014,52,,
2014.144809,2244,2014,53,,
2014.147541,2245,2014,54,,
2014.150273,2246,2014,55,,
2014.153005,2247,2014,56,,
2014.155738,2248,2014,57,,
2014.15847,2249,2014,58,,
2014.161202,2250,2014,59,,
2014.163934,2251,2014,60,,
2014.166667,2252,2014,61,,
2014.169399,2253,2014,62,,
2014.172131,2254,2014,63,,
2014.174863,2255,2014,64,,
2014.177596,2256,2014,65,,
2014.180328,2257,2014,66,,
2014.18306,2258,2014,67,,
2014.185792,2259,2014,68,,
2014.188525,2260,2014,69,,
2014.191257,2261,2014,70,,
2014.193989,2262,2014,71,,
2014.196721,2263,2014,72,,
2014.199454,2264,2014,73,,
2014.202186,2265,2014,74,,
2014.204918,2266,2014,75,,
2014.20765,2267,2014,76,,
2014.210383,2268,2014,77,,
2014.213115,2269,2014,78,,
2014.215847,2270,2014,79,,
2014.218579,2271,2014,80,,
2014.221311,2272,2014,81,,
2014.224044,2273,2014,82,,
2014.226776,2274,2014,83,,
2014.229508,2275,2014,84,,
2014.23224,2276,2014,85,,
2014.234973,2277,2014,86,,
2014.237705,2278,2014,87,,
2014.240437,2279,2014,88,,
2014.243169,2280,2014,89,,
2014.245902,2281,2014,90,,
2014.248634,2282,2014,91,,
2014.251366,2283,2014,92,,
2014.254098,2284,2014,93,,
2014.256831,2285,2014,94,,
2014.259563,2286,2014,95,,
2014.262295,2287,2014,96,,
2014.265027,2288,2014,97,,
2014.26776,2289,2014,98,,
2014.270492,2290,2014,99,,
2014.273224,2291,2014,100,,
2014.275956,2292,2014,101,,
2014.278689,2293,2014,102,,
2014.281421,2294,2014,103,,
2014.284153,2295,2014,104,,
2014.286885,2296,2014,105,,
2014.289617,2297,2014,106,,
2014.29235,2298,2014,107,,
2014.295082,2299,2014,108,,
2014.297814,2300,2014,109,,
2014.300546,2301,2014,110,,
2014.303279,2302,2014,111,,
2014.306011,2303,2014,112,,
2014.308743,2304,2014,113,,
2014.311475,2305,2014,114,,
2014.314208,2306,2014,115,,
2014.31694,2307,2014,116,,
2014.319672,2308,2014,117,,
2014.322404,2309,2014,118,,
2014.325137,2310,2014,119,,
2014.327869,2311,2014,120,,
2014.330601,2312,2014,121,,
2014.333333,2313,2014,122,,
2014.336066,2314,2014,123,,
2014.338798,2315,2014,124,,
2014.34153,2316,2014,125,,
2014.344262,2317,2014,126,,
2014.346995,2318,2014,127,,
2014.349727,2319,2014,128,,
2014.352459,2320,2014,129,,
2014.355191,2321,2014,130,,
2014.357923,2322,2014,131,,
2014.360656,2323,2014,132,,
2014.363388,2324,2014,133,,
2014.36612,2325,2014,134,,
2014.368852,2326,2014,135,,
2014.371585,2327,2014,136,0.646866127,
2014.374317,2328,2014,137,0.666906414,
2014.377049,2329,2014,138,0.670766025,
2014.379781,2330,2014,139,0.651943096,
2014.382514,2331,2014,140,0.635658346,
2014.385246,2332,2014,141,0.612688384,
2014.387978,2333,2014,142,0.595175753,
2014.39071,2334,2014,143,0.584856345,
2014.393443,2335,2014,144,0.603158773,
2014.396175,2336,2014,145,0.64048375,
2014.398907,2337,2014,146,0.630556401,
2014.401639,2338,2014,147,0.637377662,
2014.404372,2339,2014,148,0.636623847,
2014.407104,2340,2014,149,0.662804827,
2014.409836,2341,2014,150,0.629212947,0.037059259
2014.412568,2342,2014,151,0.619559883,0.035393663
2014.415301,2343,2014,152,0.58047081,0.035393663
2014.418033,2344,2014,153,0.627529002,0.035393663
2014.420765,2345,2014,154,0.601691394,0.034627335
2014.423497,2346,2014,155,0.614941735,0.037059259
2014.42623,2347,2014,156,0.61995337,0.033728067
2014.428962,2348,2014,157,0.6316625,0.03422035
2014.431694,2349,2014,158,0.56268451,0.033079995
2014.434426,2350,2014,159,0.452352637,0.033094681
2014.437158,2351,2014,160,0.453463195,0.035776032
2014.439891,2352,2014,161,0.575935229,0.030087148
2014.442623,2353,2014,162,0.452481807,0.031443714
2014.445355,2354,2014,163,0.584237874,0.027378216
2014.448087,2355,2014,164,0.595942199,0.02713184
2014.45082,2356,2014,165,0.453084825,0.026988718
2014.453552,2357,2014,166,0.454476366,0.028796835
2014.456284,2358,2014,167,0.453370837,0.027503859
2014.459016,2359,2014,168,0.453134251,0.028418891
2014.461749,2360,2014,169,0.452518951,0.027477552
2014.464481,2361,2014,170,0.453049728,0.026501967
2014.467213,2362,2014,171,0.454380654,0.024459963
2014.469945,2363,2014,172,0.453853653,0.023713061
2014.472678,2364,2014,173,0.859820051,0.020354527
2014.47541,2365,2014,174,0.454005737,0.023961034
2014.478142,2366,2014,175,0.454486431,0.02405543
2014.480874,2367,2014,176,0.454937272,0.022181477
2014.483607,2368,2014,177,0.453572073,0.022299491
2014.486339,2369,2014,178,0.875034261,0.020055559
2014.489071,2370,2014,179,0.458821777,0.024301713
2014.491803,2371,2014,180,0.457196263,0.022236249
2014.494536,2372,2014,181,0.45564028,0.022646229
2014.497268,2373,2014,182,0.456013034,0.025659088
2014.5,2374,2014,183,0.597488719,0.022099889
2014.502732,2375,2014,184,0.45646653,0.022118737
2014.505464,2376,2014,185,0.460267501,0.020066179
2014.508197,2377,2014,186,0.454796644,0.021737805
2014.510929,2378,2014,187,0.455250422,0.021039696
2014.513661,2379,2014,188,0.457869798,0.021313976
2014.516393,2380,2014,189,0.603608889,0.022368187
2014.519126,2381,2014,190,0.45873505,0.01889777
2014.521858,2382,2014,191,0.459298622,0.020186297
2014.52459,2383,2014,192,0.454509787,0.017340644
2014.527322,2384,2014,193,0.453753061,0.016208817
2014.530055,2385,2014,194,0.619131746,0.017217722
2014.532787,2386,2014,195,0.455616108,0.016483383
2014.535519,2387,2014,196,0.460715166,0.016460102
2014.538251,2388,2014,197,0.453795374,0.016519411
2014.540984,2389,2014,198,0.456045835,0.016741438
2014.543716,2390,2014,199,0.455528769,0.017067342
2014.546448,2391,2014,200,0.643383086,0.01504593
2014.54918,2392,2014,201,0.616191691,0.015023223
2014.551913,2393,2014,202,0.699124927,0.015545267
2014.554645,2394,2014,203,0.796834283,0.013755674
2014.557377,2395,2014,204,0.455739151,0.014262397
2014.560109,2396,2014,205,0.8292675,0.014135592
2014.562842,2397,2014,206,,0.01301878
2014.565574,2398,2014,207,0.756709405,0.012619621
2014.568306,2399,2014,208,0.46113763,0.014027739
2014.571038,2400,2014,209,0.81734116,0.015846473
2014.57377,2401,2014,210,0.622387574,0.014500074
2014.576503,2402,2014,211,0.457186472,0.013924661
2014.579235,2403,2014,212,0.455904081,0.016826769
2014.581967,2404,2014,213,0.78842794,0.014324447
2014.584699,2405,2014,214,0.453045125,0.012957559
2014.587432,2406,2014,215,0.724738052,0.015297696
2014.590164,2407,2014,216,0.756424175,0.013583408
2014.592896,2408,2014,217,0.652547505,0.015550939
2014.595628,2409,2014,218,0.832314494,0.012130095
2014.598361,2410,2014,219,0.683085869,0.016090949
2014.601093,2411,2014,220,0.456280048,0.014627383
2014.603825,2412,2014,221,0.727794096,0.012984227
2014.606557,2413,2014,222,0.455168406,0.013074915
2014.60929,2414,2014,223,0.45451935,0.012720447
2014.612022,2415,2014,224,0.560329802,0.015710252
2014.614754,2416,2014,225,0.453629089,0.014717154
2014.617486,2417,2014,226,0.454396205,0.016690649
2014.620219,2418,2014,227,0.454412638,0.018030463
2014.622951,2419,2014,228,0.59583864,0.017048874
2014.625683,2420,2014,229,0.455914538,0.019638737
2014.628415,2421,2014,230,0.686813249,0.017794809
2014.631148,2422,2014,231,0.648633059,0.019702847
2014.63388,2423,2014,232,0.597370346,0.016475666
2014.636612,2424,2014,233,0.591686814,0.016125061
2014.639344,2425,2014,234,0.60631962,0.017542017
2014.642077,2426,2014,235,0.647331281,0.018116492
2014.644809,2427,2014,236,0.662083517,0.015943894
2014.647541,2428,2014,237,1.021994765,0.019150882
2014.650273,2429,2014,238,0.63797747,0.016885144
2014.653005,2430,2014,239,0.646466252,0.019434998
2014.655738,2431,2014,240,0.681207952,0.023374272
2014.65847,2432,2014,241,,0.019898138
2014.661202,2433,2014,242,,0.021404635
2014.663934,2434,2014,243,0.681351398,0.023374272
2014.666667,2435,2014,244,0.706287647,
2014.669399,2436,2014,245,0.726030038,
2014.672131,2437,2014,246,0.756968954,
2014.674863,2438,2014,247,0.722556858,
2014.677596,2439,2014,248,0.5811275,
2014.680328,2440,2014,249,,
2014.68306,2441,2014,250,0.733616322,
2014.685792,2442,2014,251,,
2014.688525,2443,2014,252,,
2014.691257,2444,2014,253,,
2014.693989,2445,2014,254,,
2014.696721,2446,2014,255,,
2014.699454,2447,2014,256,,0.03508419
2014.702186,2448,2014,257,,0.022811572
2014.704918,2449,2014,258,,0.025932204
2014.70765,2450,2014,259,,0.028114637
2014.710383,2451,2014,260,,0.022251227
2014.713115,2452,2014,261,,0.023584179
2014.715847,2453,2014,262,,0.024702016
2014.718579,2454,2014,263,,
2014.721311,2455,2014,264,,
2014.724044,2456,2014,265,,
2014.726776,2457,2014,266,,
2014.729508,2458,2014,267,,
2014.73224,2459,2014,268,,
2014.734973,2460,2014,269,,
2014.737705,2461,2014,270,,
2014.740437,2462,2014,271,,
2014.743169,2463,2014,272,,
2014.745902,2464,2014,273,,
2014.748634,2465,2014,274,,
2014.751366,2466,2014,275,,
2014.754098,2467,2014,276,,
2014.756831,2468,2014,277,,
2014.759563,2469,2014,278,,
2014.762295,2470,2014,279,,
2014.765027,2471,2014,280,,
2014.76776,2472,2014,281,,
2014.770492,2473,2014,282,,
2014.773224,2474,2014,283,,
2014.775956,2475,2014,284,,
2014.778689,2476,2014,285,,
2014.781421,2477,2014,286,,
2014.784153,2478,2014,287,,
2014.786885,2479,2014,288,,
2014.789617,2480,2014,289,,
2014.79235,2481,2014,290,,
2014.795082,2482,2014,291,,
2014.797814,2483,2014,292,,
2014.800546,2484,2014,293,,
2014.803279,2485,2014,294,,
2014.806011,2486,2014,295,,
2014.808743,2487,2014,296,,
2014.811475,2488,2014,297,,
2014.814208,2489,2014,298,,
2014.81694,2490,2014,299,,
2014.819672,2491,2014,300,,
2014.822404,2492,2014,301,,
2014.825137,2493,2014,302,,
2014.827869,2494,2014,303,,
2014.830601,2495,2014,304,,
2014.833333,2496,2014,305,,
2014.836066,2497,2014,306,,
2014.838798,2498,2014,307,,
2014.84153,2499,2014,308,,
2014.844262,2500,2014,309,,
2014.846995,2501,2014,310,,
2014.849727,2502,2014,311,,
2014.852459,2503,2014,312,,
2014.855191,2504,2014,313,,
2014.857923,2505,2014,314,,
2014.860656,2506,2014,315,,
2014.863388,2507,2014,316,,
2014.86612,2508,2014,317,,
2014.868852,2509,2014,318,,
2014.871585,2510,2014,319,,
2014.874317,2511,2014,320,,
2014.877049,2512,2014,321,,
2014.879781,2513,2014,322,,
2014.882514,2514,2014,323,,
2014.885246,2515,2014,324,,
2014.887978,2516,2014,325,,
2014.89071,2517,2014,326,,
2014.893443,2518,2014,327,,
2014.896175,2519,2014,328,,
2014.898907,2520,2014,329,,
2014.901639,2521,2014,330,,
2014.904372,2522,2014,331,,
2014.907104,2523,2014,332,,
2014.909836,2524,2014,333,,
2014.912568,2525,2014,334,,
2014.915301,2526,2014,335,,
2014.918033,2527,2014,336,,
2014.920765,2528,2014,337,,
2014.923497,2529,2014,338,,
2014.92623,2530,2014,339,,
2014.928962,2531,2014,340,,
2014.931694,2532,2014,341,,
2014.934426,2533,2014,342,,
2014.937158,2534,2014,343,,
2014.939891,2535,2014,344,,
2014.942623,2536,2014,345,,
2014.945355,2537,2014,346,,
2014.948087,2538,2014,347,,
2014.95082,2539,2014,348,,
2014.953552,2540,2014,349,,
2014.956284,2541,2014,350,,
2014.959016,2542,2014,351,,
2014.961749,2543,2014,352,,
2014.964481,2544,2014,353,,
2014.967213,2545,2014,354,,
2014.969945,2546,2014,355,,
2014.972678,2547,2014,356,,
2014.97541,2548,2014,357,,
2014.978142,2549,2014,358,,
2014.980874,2550,2014,359,,
2014.983607,2551,2014,360,,
2014.986339,2552,2014,361,,
2014.989071,2553,2014,362,,
2014.991803,2554,2014,363,,
2014.994536,2555,2014,364,,
2014.997268,2556,2014,365,,
2015.002732,2557,2015,1,,
2015.005464,2558,2015,2,,
2015.008197,2559,2015,3,,
2015.010929,2560,2015,4,,
2015.013661,2561,2015,5,,
2015.016393,2562,2015,6,,
2015.019126,2563,2015,7,,
2015.021858,2564,2015,8,,
2015.02459,2565,2015,9,,
2015.027322,2566,2015,10,,
2015.030055,2567,2015,11,,
2015.032787,2568,2015,12,,
2015.035519,2569,2015,13,,
2015.038251,2570,2015,14,,
2015.040984,2571,2015,15,,
2015.043716,2572,2015,16,,
2015.046448,2573,2015,17,,
2015.04918,2574,2015,18,,
2015.051913,2575,2015,19,,
2015.054645,2576,2015,20,,
2015.057377,2577,2015,21,,
2015.060109,2578,2015,22,,
2015.062842,2579,2015,23,,
2015.065574,2580,2015,24,,
2015.068306,2581,2015,25,,
2015.071038,2582,2015,26,,
2015.07377,2583,2015,27,,
2015.076503,2584,2015,28,,
2015.079235,2585,2015,29,,
2015.081967,2586,2015,30,,
2015.084699,2587,2015,31,,
2015.087432,2588,2015,32,,
2015.090164,2589,2015,33,,
2015.092896,2590,2015,34,,
2015.095628,2591,2015,35,,
2015.098361,2592,2015,36,,
2015.101093,2593,2015,37,,
2015.103825,2594,2015,38,,
2015.106557,2595,2015,39,,
2015.10929,2596,2015,40,,
2015.112022,2597,2015,41,,
2015.114754,2598,2015,42,,
2015.117486,2599,2015,43,,
2015.120219,2600,2015,44,,
2015.122951,2601,2015,45,,
2015.125683,2602,2015,46,,
2015.128415,2603,2015,47,,
2015.131148,2604,2015,48,,
2015.13388,2605,2015,49,,
2015.136612,2606,2015,50,,
2015.139344,2607,2015,51,,
2015.142077,2608,2015,52,,
2015.144809,2609,2015,53,,
2015.147541,2610,2015,54,,
2015.150273,2611,2015,55,,
2015.153005,2612,2015,56,,
2015.155738,2613,2015,57,,
2015.15847,2614,2015,58,,
2015.161202,2615,2015,59,,
2015.163934,2616,2015,60,,
2015.166667,2617,2015,61,,
2015.169399,2618,2015,62,,
2015.172131,2619,2015,63,,
2015.174863,2620,2015,64,,
2015.177596,2621,2015,65,,
2015.180328,2622,2015,66,,
2015.18306,2623,2015,67,,
2015.185792,2624,2015,68,,
2015.188525,2625,2015,69,,
2015.191257,2626,2015,70,,
2015.193989,2627,2015,71,,
2015.196721,2628,2015,72,,
2015.199454,2629,2015,73,,
2015.202186,2630,2015,74,,
2015.204918,2631,2015,75,,
2015.20765,2632,2015,76,,
2015.210383,2633,2015,77,,
2015.213115,2634,2015,78,,
2015.215847,2635,2015,79,,
2015.218579,2636,2015,80,,
2015.221311,2637,2015,81,,
2015.224044,2638,2015,82,,
2015.226776,2639,2015,83,,
2015.229508,2640,2015,84,,
2015.23224,2641,2015,85,,
2015.234973,2642,2015,86,,
2015.237705,2643,2015,87,,
2015.240437,2644,2015,88,,
2015.243169,2645,2015,89,,
2015.245902,2646,2015,90,,
2015.248634,2647,2015,91,,
2015.251366,2648,2015,92,,
2015.254098,2649,2015,93,,
2015.256831,2650,2015,94,,
2015.259563,2651,2015,95,,
2015.262295,2652,2015,96,,
2015.265027,2653,2015,97,,
2015.26776,2654,2015,98,,
2015.270492,2655,2015,99,,
2015.273224,2656,2015,100,,
2015.275956,2657,2015,101,,
2015.278689,2658,2015,102,,
2015.281421,2659,2015,103,,
2015.284153,2660,2015,104,,
2015.286885,2661,2015,105,,
2015.289617,2662,2015,106,,
2015.29235,2663,2015,107,,
2015.295082,2664,2015,108,,
2015.297814,2665,2015,109,,
2015.300546,2666,2015,110,,
2015.303279,2667,2015,111,,
2015.306011,2668,2015,112,,
2015.308743,2669,2015,113,,
2015.311475,2670,2015,114,,
2015.314208,2671,2015,115,,
2015.31694,2672,2015,116,,
2015.319672,2673,2015,117,,
2015.322404,2674,2015,118,,
2015.325137,2675,2015,119,,
2015.327869,2676,2015,120,,
2015.330601,2677,2015,121,,
2015.333333,2678,2015,122,,
2015.336066,2679,2015,123,,
2015.338798,2680,2015,124,,
2015.34153,2681,2015,125,,
2015.344262,2682,2015,126,,
2015.346995,2683,2015,127,,
2015.349727,2684,2015,128,,
2015.352459,2685,2015,129,,
2015.355191,2686,2015,130,,
2015.357923,2687,2015,131,,
2015.360656,2688,2015,132,,
2015.363388,2689,2015,133,,
2015.36612,2690,2015,134,,
2015.368852,2691,2015,135,,
2015.371585,2692,2015,136,,
2015.374317,2693,2015,137,,
2015.377049,2694,2015,138,,
2015.379781,2695,2015,139,,
2015.382514,2696,2015,140,,
2015.385246,2697,2015,141,,
2015.387978,2698,2015,142,,0.031516769
2015.39071,2699,2015,143,,0.03137838
2015.393443,2700,2015,144,,0.03137838
2015.396175,2701,2015,145,,0.03137838
2015.398907,2702,2015,146,,0.03137838
2015.401639,2703,2015,147,,0.031516769
2015.404372,2704,2015,148,0.666331556,0.031239991
2015.407104,2705,2015,149,0.613935418,0.030832444
2015.409836,2706,2015,150,0.573431709,0.030832444
2015.412568,2707,2015,151,0.64544835,0.030490281
2015.415301,2708,2015,152,0.866789151,0.029740572
2015.418033,2709,2015,153,0.915870848,0.027861062
2015.420765,2710,2015,154,0.958173163,0.027458625
2015.423497,2711,2015,155,,0.02724839
2015.42623,2712,2015,156,0.453839465,0.026372406
2015.428962,2713,2015,157,0.45234983,0.025657655
2015.431694,2714,2015,158,0.562418666,0.028184958
2015.434426,2715,2015,159,0.453688302,0.026251314
2015.437158,2716,2015,160,0.452934355,0.026407453
2015.439891,2717,2015,161,0.452517998,0.025360652
2015.442623,2718,2015,162,0.87636327,0.024996356
2015.445355,2719,2015,163,0.456715783,0.026096884
2015.448087,2720,2015,164,0.452474232,0.024775558
2015.45082,2721,2015,165,0.452399028,0.023238655
2015.453552,2722,2015,166,0.452370678,0.024664517
2015.456284,2723,2015,167,0.457435679,0.023175812
2015.459016,2724,2015,168,0.455084592,0.022559204
2015.461749,2725,2015,169,0.455753262,0.02287708
2015.464481,2726,2015,170,0.457427063,0.02192353
2015.467213,2727,2015,171,0.45424604,0.021396726
2015.469945,2728,2015,172,0.453805114,0.021233636
2015.472678,2729,2015,173,0.455890003,0.020756012
2015.47541,2730,2015,174,0.454455806,0.019531299
2015.478142,2731,2015,175,0.456142134,0.018848334
2015.480874,2732,2015,176,0.458348941,0.020104162
2015.483607,2733,2015,177,0.454297795,0.015518903
2015.486339,2734,2015,178,0.458106674,0.016767773
2015.489071,2735,2015,179,0.460408248,0.016901468
2015.491803,2736,2015,180,0.453695962,0.018358802
2015.494536,2737,2015,181,0.453888471,0.01582074
2015.497268,2738,2015,182,0.455904581,0.015840875
2015.5,2739,2015,183,0.45538426,0.018132457
2015.502732,2740,2015,184,0.597202189,0.013377229
2015.505464,2741,2015,185,0.458079521,0.014407175
2015.508197,2742,2015,186,0.45617453,0.012780145
2015.510929,2743,2015,187,0.462772477,0.01179822
2015.513661,2744,2015,188,0.454738306,0.014723868
2015.516393,2745,2015,189,0.659803884,0.012182672
2015.519126,2746,2015,190,0.459441408,0.012083391
2015.521858,2747,2015,191,0.595405386,0.013139893
2015.52459,2748,2015,192,0.457929182,0.012338006
2015.527322,2749,2015,193,0.46072277,0.013633647
2015.530055,2750,2015,194,0.459792288,0.01352371
2015.532787,2751,2015,195,0.459967612,0.009878235
2015.535519,2752,2015,196,0.458330643,0.012184514
2015.538251,2753,2015,197,0.461093346,0.011291568
2015.540984,2754,2015,198,0.657344928,0.011643947
2015.543716,2755,2015,199,0.453596033,0.012526959
2015.546448,2756,2015,200,0.682708382,0.012455561
2015.54918,2757,2015,201,0.676928063,0.011981915
2015.551913,2758,2015,202,0.455740457,0.011955859
2015.554645,2759,2015,203,0.460095328,0.01141753
2015.557377,2760,2015,204,0.458854732,0.012769839
2015.560109,2761,2015,205,0.458487623,0.01018705
2015.562842,2762,2015,206,0.458711845,0.010998238
2015.565574,2763,2015,207,0.456581574,0.01035518
2015.568306,2764,2015,208,0.454450468,0.013283249
2015.571038,2765,2015,209,0.454978193,0.013481804
2015.57377,2766,2015,210,0.780643456,0.009761688
2015.576503,2767,2015,211,0.457683128,0.01162377
2015.579235,2768,2015,212,0.60267623,0.011014223
2015.581967,2769,2015,213,0.609580234,0.011621853
2015.584699,2770,2015,214,0.714455725,0.015096782
2015.587432,2771,2015,215,0.731279954,0.013895128
2015.590164,2772,2015,216,0.724910485,0.01269084
2015.592896,2773,2015,217,1.051217113,0.012869005
2015.595628,2774,2015,218,0.454752121,0.012650873
2015.598361,2775,2015,219,0.598265589,0.011698127
2015.601093,2776,2015,220,0.676919218,0.012628831
2015.603825,2777,2015,221,0.664261055,0.011244285
2015.606557,2778,2015,222,0.71840786,0.013329664
2015.60929,2779,2015,223,0.683093044,0.014351274
2015.612022,2780,2015,224,0.589154925,0.01443732
2015.614754,2781,2015,225,0.722369518,0.013560424
2015.617486,2782,2015,226,0.686357553,0.012053303
2015.620219,2783,2015,227,0.601170059,0.017685359
2015.622951,2784,2015,228,0.569236755,0.018849396
2015.625683,2785,2015,229,0.694947581,0.016975008
2015.628415,2786,2015,230,0.683621435,0.016891829
2015.631148,2787,2015,231,0.684111731,0.015670622
2015.63388,2788,2015,232,0.650615847,0.017709314
2015.636612,2789,2015,233,0.683852915,0.01649723
2015.639344,2790,2015,234,0.709451623,0.01662725
2015.642077,2791,2015,235,0.714997101,0.020123584
2015.644809,2792,2015,236,0.702213768,0.019651221
2015.647541,2793,2015,237,0.790480217,0.019237769
2015.650273,2794,2015,238,0.710295186,0.019450935
2015.653005,2795,2015,239,0.743777803,0.019863772
2015.655738,2796,2015,240,,
2015.65847,2797,2015,241,,
2015.661202,2798,2015,242,,
2015.663934,2799,2015,243,,
2015.666667,2800,2015,244,,
2015.669399,2801,2015,245,,
2015.672131,2802,2015,246,,
2015.674863,2803,2015,247,,
2015.677596,2804,2015,248,,
2015.680328,2805,2015,249,,
2015.68306,2806,2015,250,,
2015.685792,2807,2015,251,,
2015.688525,2808,2015,252,,
2015.691257,2809,2015,253,,
2015.693989,2810,2015,254,,
2015.696721,2811,2015,255,,
2015.699454,2812,2015,256,,
2015.702186,2813,2015,257,,
2015.704918,2814,2015,258,,
2015.70765,2815,2015,259,,
2015.710383,2816,2015,260,,
2015.713115,2817,2015,261,,
2015.715847,2818,2015,262,,
2015.718579,2819,2015,263,,
2015.721311,2820,2015,264,,
2015.724044,2821,2015,265,,
2015.726776,2822,2015,266,,
2015.729508,2823,2015,267,,
2015.73224,2824,2015,268,,
2015.734973,2825,2015,269,,
2015.737705,2826,2015,270,,
2015.740437,2827,2015,271,,
2015.743169,2828,2015,272,,
2015.745902,2829,2015,273,,
2015.748634,2830,2015,274,,
2015.751366,2831,2015,275,,
2015.754098,2832,2015,276,,
2015.756831,2833,2015,277,,
2015.759563,2834,2015,278,,
2015.762295,2835,2015,279,,
2015.765027,2836,2015,280,,
2015.76776,2837,2015,281,,
2015.770492,2838,2015,282,,
2015.773224,2839,2015,283,,
2015.775956,2840,2015,284,,
2015.778689,2841,2015,285,,
2015.781421,2842,2015,286,,
2015.784153,2843,2015,287,,
2015.786885,2844,2015,288,,
2015.789617,2845,2015,289,,
2015.79235,2846,2015,290,,
2015.795082,2847,2015,291,,
2015.797814,2848,2015,292,,
2015.800546,2849,2015,293,,
2015.803279,2850,2015,294,,
2015.806011,2851,2015,295,,
2015.808743,2852,2015,296,,
2015.811475,2853,2015,297,,
2015.814208,2854,2015,298,,
2015.81694,2855,2015,299,,
2015.819672,2856,2015,300,,
2015.822404,2857,2015,301,,
2015.825137,2858,2015,302,,
2015.827869,2859,2015,303,,
2015.830601,2860,2015,304,,
2015.833333,2861,2015,305,,
2015.836066,2862,2015,306,,
2015.838798,2863,2015,307,,
2015.84153,2864,2015,308,,
2015.844262,2865,2015,309,,
2015.846995,2866,2015,310,,
2015.849727,2867,2015,311,,
2015.852459,2868,2015,312,,
2015.855191,2869,2015,313,,
2015.857923,2870,2015,314,,
2015.860656,2871,2015,315,,
2015.863388,2872,2015,316,,
2015.86612,2873,2015,317,,
2015.868852,2874,2015,318,,
2015.871585,2875,2015,319,,
2015.874317,2876,2015,320,,
2015.877049,2877,2015,321,,
2015.879781,2878,2015,322,,
2015.882514,2879,2015,323,,
2015.885246,2880,2015,324,,
2015.887978,2881,2015,325,,
2015.89071,2882,2015,326,,
2015.893443,2883,2015,327,,
2015.896175,2884,2015,328,,
2015.898907,2885,2015,329,,
2015.901639,2886,2015,330,,
2015.904372,2887,2015,331,,
2015.907104,2888,2015,332,,
2015.909836,2889,2015,333,,
2015.912568,2890,2015,334,,
2015.915301,2891,2015,335,,
2015.918033,2892,2015,336,,
2015.920765,2893,2015,337,,
2015.923497,2894,2015,338,,
2015.92623,2895,2015,339,,
2015.928962,2896,2015,340,,
2015.931694,2897,2015,341,,
2015.934426,2898,2015,342,,
2015.937158,2899,2015,343,,
2015.939891,2900,2015,344,,
2015.942623,2901,2015,345,,
2015.945355,2902,2015,346,,
2015.948087,2903,2015,347,,
2015.95082,2904,2015,348,,
2015.953552,2905,2015,349,,
2015.956284,2906,2015,350,,
2015.959016,2907,2015,351,,
2015.961749,2908,2015,352,,
2015.964481,2909,2015,353,,
2015.967213,2910,2015,354,,
2015.969945,2911,2015,355,,
2015.972678,2912,2015,356,,
2015.97541,2913,2015,357,,
2015.978142,2914,2015,358,,
2015.980874,2915,2015,359,,
2015.983607,2916,2015,360,,
2015.986339,2917,2015,361,,
2015.989071,2918,2015,362,,
2015.991803,2919,2015,363,,
2015.994536,2920,2015,364,,
2015.997268,2921,2015,365,,
