Year.frac,Time,Year,Year_DOY,DOY,AirT_max,PAR_max,NEE,Re,GPP,NDVI_notscaled
2009.379781,140,2009,2009_140,140,10.96,1393.753,,,,
2009.382514,141,2009,2009_141,141,8.04,1380.604,,,,
2009.385246,142,2009,2009_142,142,8.32,1343.199,,,,
2009.387978,143,2009,2009_143,143,8.69,1317.723,-0.899342554,,0.899342554,
2009.39071,144,2009,2009_144,144,14.91,1371.858,-0.747412198,,0.747412198,0.288059543
2009.393443,145,2009,2009_145,145,20.13,1369.099,-0.016130688,,0.016130688,0.430407759
2009.396175,146,2009,2009_146,146,2.49,668.2862,-0.318797188,,0.318797188,0.460986918
2009.398907,147,2009,2009_147,147,-1.48,495.7267,-1.137782454,,1.137782454,0.143291354
2009.401639,148,2009,2009_148,148,3.44,1373.352,-0.537724982,,0.537724982,0.001981978
2009.404372,149,2009,2009_149,149,0.904,707.4639,-1.185265603,,1.185265603,0.450012997
2009.407104,150,2009,2009_150,150,4.252,1327.27,-1.321381381,1.139762279,2.46114366,0.028617011
2009.409836,151,2009,2009_151,151,8.24,1037.028,-1.322556472,1.76677369,3.089330162,0.451399264
2009.412568,152,2009,2009_152,152,13.78,1222.571,-1.025530968,1.209572321,2.235103288,0.440760896
2009.415301,153,2009,2009_153,153,17.79,1450.779,-0.766143376,1.133021016,1.899164392,0.441789597
2009.418033,154,2009,2009_154,154,17.82,707.2065,-1.367370874,1.418518336,2.78588921,0.451458447
2009.420765,155,2009,2009_155,155,17.93,1360.651,-1.132028836,1.587384111,2.719412947,0.450483006
2009.423497,156,2009,2009_156,156,25.19,1394.679,-0.700988869,1.154190683,1.855179551,0.424464565
2009.42623,157,2009,2009_157,157,16.68,1421.19,-0.599307311,1.195863753,1.795171064,0.37231932
2009.428962,158,2009,2009_158,158,10.14,769.0677,-1.294625727,1.195863753,2.49048948,0.501893212
2009.431694,159,2009,2009_159,159,15.57,1450.286,-1.017845803,1.174379609,2.192225412,0.450166728
2009.434426,160,2009,2009_160,160,18.3,1366.755,-1.274680743,1.042532732,2.317213475,0.440491723
2009.437158,161,2009,2009_161,161,12.43,1047.133,-1.336744667,1.054822488,2.391567155,0.474637148
2009.439891,162,2009,2009_162,162,12.62,959.0282,-1.934266701,0.912143321,2.846410023,0.484428806
2009.442623,163,2009,2009_163,163,11.95,1421.739,-1.648450314,1.014070954,2.662521269,0.455687344
2009.445355,164,2009,2009_164,164,12.2,1485.267,-0.203849957,0.935692226,1.139542184,0.454392741
2009.448087,165,2009,2009_165,165,9.28,284.6196,-1.458728255,0.936581304,2.395309559,0.514970114
2009.45082,166,2009,2009_166,166,14.95,1527.256,-1.772850474,0.969937087,2.742787561,0.451235137
2009.453552,167,2009,2009_167,167,16.79,1388.902,-1.483223055,1.06242762,2.545650675,0.460611491
2009.456284,168,2009,2009_168,168,19.18,1383.767,-1.391115166,1.159968822,2.551083988,0.459335632
2009.459016,169,2009,2009_169,169,12.06,627.9734,-1.681775294,1.203268609,2.885043904,0.510768881
2009.461749,170,2009,2009_170,170,7.533,583.0109,-1.997868435,1.228626594,3.226495029,0.50581962
2009.464481,171,2009,2009_171,171,6.155,1234.244,-2.27232571,1.289451406,3.561777115,0.492625828
2009.467213,172,2009,2009_172,172,12.23,1381.101,-1.883761785,1.338152533,3.221914318,0.471204114
2009.469945,173,2009,2009_173,173,18.7,1438.41,-2.325478135,1.30189947,3.627377605,0.46892906
2009.472678,174,2009,2009_174,174,11.32,1076.907,-2.336255524,1.302786653,3.639042178,0.508368167
2009.47541,175,2009,2009_175,175,14.44,1259.305,-1.75718787,1.257279304,3.014467174,0.499036768
2009.478142,176,2009,2009_176,176,14.74,1394.726,-0.590162312,1.451766763,2.041929074,0.474536795
2009.480874,177,2009,2009_177,177,9.79,532.5591,-1.203621674,1.554581978,2.758203652,0.496801541
2009.483607,178,2009,2009_178,178,7.032,736.5268,-2.448436046,1.895157549,4.343593594,0.496307057
2009.486339,179,2009,2009_179,179,9.45,889.598,-1.89123768,1.828279631,3.719517311,0.511616269
2009.489071,180,2009,2009_180,180,15.64,1429.141,-1.564014608,1.894458973,3.458473581,0.475634155
2009.491803,181,2009,2009_181,181,16.17,1550.384,-2.190271563,1.84339144,4.033663004,0.485234464
2009.494536,182,2009,2009_182,182,17.82,1446.322,-1.992283836,1.760119881,3.752403717,0.487562834
2009.497268,183,2009,2009_183,183,18.85,1418.88,-2.323836947,1.6504434,3.974280346,0.485539726
2009.5,184,2009,2009_184,184,16.9,1376.912,-2.351873788,1.662860081,4.014733868,0.494638802
2009.502732,185,2009,2009_185,185,18.55,1390.064,-2.345015975,1.755211829,4.100227804,0.500868536
2009.505464,186,2009,2009_186,186,19.05,1340.759,-2.180565153,1.586095729,3.766660882,0.496775302
2009.508197,187,2009,2009_187,187,19.42,1252.3,-1.598558141,1.560377616,3.158935757,0.493324203
2009.510929,188,2009,2009_188,188,15.62,1058.154,-1.277428583,1.688822384,2.966250967,0.511071351
2009.513661,189,2009,2009_189,189,17.44,1124.653,-0.418457053,1.643252748,2.061709801,0.521962618
2009.516393,190,2009,2009_190,190,11.72,332.7422,-1.067437531,1.603535291,2.670972822,0.542960584
2009.519126,191,2009,2009_191,191,11.07,515.536,-1.345011973,1.553301749,2.898313722,0.555281433
2009.521858,192,2009,2009_192,192,13.46,682.2454,-1.481702231,1.480762019,2.96246425,0.519777011
2009.52459,193,2009,2009_193,193,23.55,1339.515,-1.290796596,1.744086913,3.034883509,0.501918194
2009.527322,194,2009,2009_194,194,26.56,1311.029,-1.439324816,1.809647655,3.248972471,0.498871029
2009.530055,195,2009,2009_195,195,26.51,1286.282,-2.331387312,1.675287333,4.006674645,0.499780804
2009.532787,196,2009,2009_196,196,19.14,1284.156,-2.28577563,1.620395006,3.906170636,0.515414575
2009.535519,197,2009,2009_197,197,18.27,1232.402,-2.434639674,1.708245216,4.14288489,0.495864576
2009.538251,198,2009,2009_198,198,19.59,1226.127,-1.911077524,1.812689938,3.723767462,0.527177761
2009.540984,199,2009,2009_199,199,17.74,1290.723,-1.883244612,1.794556372,3.677800984,0.499525938
2009.543716,200,2009,2009_200,200,21.31,1264.05,-1.510952425,1.981149721,3.492102146,0.49680398
2009.546448,201,2009,2009_201,201,21.82,1184.056,-2.558738937,1.93468256,4.493421497,0.511511388
2009.54918,202,2009,2009_202,202,12.24,943.8434,-2.443815353,1.838894366,4.282709719,0.533938263
2009.551913,203,2009,2009_203,203,12.16,988.853,-1.002260602,1.755341536,2.757602138,0.501359083
2009.554645,204,2009,2009_204,204,6.143,575.3844,-2.203881553,1.870636186,4.074517739,0.505429252
2009.557377,205,2009,2009_205,205,15.38,1180.792,-0.740567496,1.883899762,2.624467258,0.517220894
2009.560109,206,2009,2009_206,206,17.7,1139.825,-1.190409746,1.907138317,3.097548062,0.524539202
2009.562842,207,2009,2009_207,207,19.63,1064.631,-0.531504789,1.83757183,2.369076619,0.511887901
2009.565574,208,2009,2009_208,208,21.5,987.2914,-0.991122723,1.743515453,2.734638177,0.513791233
2009.568306,209,2009,2009_209,209,22.86,1004.265,-1.114913672,1.836483226,2.951396898,0.520990548
2009.571038,210,2009,2009_210,210,21.91,735.4857,-0.966811641,1.862635201,2.829446842,0.50863772
2009.57377,211,2009,2009_211,211,23.44,1101.351,-0.168346257,1.894365578,2.062711836,0.490676486
2009.576503,212,2009,2009_212,212,18.1,627.1929,-1.675845806,1.789511434,3.46535724,0.553244535
2009.579235,213,2009,2009_213,213,16.02,1151.413,-0.889437567,1.789929935,2.679367502,0.517919847
2009.581967,214,2009,2009_214,214,17.16,1143.391,-1.091420095,1.594389415,2.68580951,0.483361755
2009.584699,215,2009,2009_215,215,17.59,752.1407,-0.944410962,1.558595237,2.5030062,0.560669981
2009.587432,216,2009,2009_216,216,20.17,626.1539,-1.344153069,1.423857991,2.76801106,0.56047585
2009.590164,217,2009,2009_217,217,18.65,847.1904,-1.925797671,1.405163527,3.330961198,0.545250225
2009.592896,218,2009,2009_218,218,11.46,942.3159,-1.437069224,1.24706321,2.684132434,0.53995211
2009.595628,219,2009,2009_219,219,15.26,1121.261,-0.411007647,1.131266049,1.542273695,0.493380072
2009.598361,220,2009,2009_220,220,14.79,544.5184,0.108891607,1.046583388,0.93769178,0.488312705
2009.601093,221,2009,2009_221,221,3.489,463.128,0.01726228,0.917291042,0.900028762,0.517292057
2009.603825,222,2009,2009_222,222,1.312,398.9379,-0.778703207,0.984432035,1.763135242,0.012953876
2009.606557,223,2009,2009_223,223,11.21,1099.633,-0.743765861,0.84010384,1.583869701,0.457359087
2009.60929,224,2009,2009_224,224,13.85,887.1673,-1.516087109,0.85823302,2.374320129,0.499620654
2009.612022,225,2009,2009_225,225,11.75,982.5387,-0.439433049,0.79799425,1.2374273,0.504195508
2009.614754,226,2009,2009_226,226,15.9,1081.253,0.189004393,0.732321374,0.543316981,0.475860207
2009.617486,227,2009,2009_227,227,5.967,355.9469,-0.411225193,0.74516105,1.156386243,0.518217279
2009.620219,228,2009,2009_228,228,8.42,697.1969,-0.38541238,0.775928502,1.161340882,0.513429837
2009.622951,229,2009,2009_229,229,13.02,996.3077,0.051078598,0.814934544,0.763855946,0.499988969
2009.625683,230,2009,2009_230,230,4.787,986.9656,-0.217774534,0.836939672,1.054714206,
2009.628415,231,2009,2009_231,231,8.56,1006.823,-0.230034701,0.709873724,0.939908425,0.477235928
2009.631148,232,2009,2009_232,232,13.28,896.5537,-0.19995175,0.712277234,0.912228984,0.493674434
2009.63388,233,2009,2009_233,233,14.87,1052.352,0.203894643,0.714896676,0.511002032,0.446456672
2009.636612,234,2009,2009_234,234,15.8,1011.267,-0.065669014,0.68484017,0.750509184,0.477800341
2009.639344,235,2009,2009_235,235,10.92,933.2651,-0.491515732,0.737223877,1.228739608,0.439276521
2009.642077,236,2009,2009_236,236,9.37,867.2141,-1.272479833,0.648572459,1.921052292,0.455080116
2009.644809,237,2009,2009_237,237,3.513,272.2202,1.772962356,0.651049757,,0.477852328
2009.647541,238,2009,2009_238,238,7.498,786.0015,-2.256536761,0.499889023,2.756425784,0.473223427
2009.650273,239,2009,2009_239,239,6.342,693.8787,-0.454495211,0.603120721,1.057615932,
2009.653005,240,2009,2009_240,240,6.142685661,692.4417169,-0.454479334,0.539570981,0.994050315,
2009.655738,241,2009,2009_241,241,5.801001984,689.9783033,-0.454463343,0.270010139,0.724473483,
2009.65847,242,2009,2009_242,242,5.459318307,687.5148897,-0.454447237,,,
2009.661202,243,2009,2009_243,243,5.11763463,685.0514761,-0.454431014,,,
2009.663934,244,2009,2009_244,244,4.775950953,682.5880625,-0.454414674,,0.454414674,
2009.666667,245,2009,2009_245,245,4.434267277,680.1246489,-0.454398214,,0.454398214,
2009.669399,246,2009,2009_246,246,4.0925836,677.6612353,-0.454381634,,0.454381634,
2009.672131,247,2009,2009_247,247,3.750899923,675.1978217,-0.454364932,,0.454364932,
2009.674863,248,2009,2009_248,248,3.409216246,672.7344081,-0.454348107,,0.454348107,
2009.677596,249,2009,2009_249,249,3.067532569,670.2709945,-0.454331158,,0.454331158,
2009.680328,250,2009,2009_250,250,2.725848892,667.8075809,-0.30287796,,0.30287796,
2010.379781,505,2010,2010_140,140,-1.372,37.17369911,,,,
2010.382514,506,2010,2010_141,141,-1.401,34.71028551,,,,
2010.385246,507,2010,2010_142,142,1.453,32.24687191,0.219324449,,,
2010.387978,508,2010,2010_143,143,4.601,29.78345831,0.284399148,,,
2010.39071,509,2010,2010_144,144,3.907,27.3200447,0.042620485,,,
2010.393443,510,2010,2010_145,145,6.642,24.8566311,0.190268304,,,
2010.396175,511,2010,2010_146,146,9.63,22.3932175,0.37725686,,,
2010.398907,512,2010,2010_147,147,14.25,19.9298039,0.587585298,,,
2010.401639,513,2010,2010_148,148,10.37,17.4663903,0.923170983,,,
2010.404372,514,2010,2010_149,149,4.553,15.0029767,1.048892604,,,
2010.407104,515,2010,2010_150,150,14.47,12.5395631,1.007458076,,,
2010.409836,516,2010,2010_151,151,6.259,10.0761495,1.028458216,,,
2010.412568,517,2010,2010_152,152,1.804,7.612735897,1.135312079,0.414503162,,
2010.415301,518,2010,2010_153,153,2.982,5.149322296,0.867871776,0.405611799,,
2010.418033,519,2010,2010_154,154,7.148,905.437,-0.560379829,0.850512675,1.410892504,
2010.420765,520,2010,2010_155,155,6.535,1323.246,-0.308487942,1.329256066,1.637744008,0.234397397
2010.423497,521,2010,2010_156,156,13.06,1297.423,0.183870943,1.210804035,1.026933092,0.182315985
2010.42623,522,2010,2010_157,157,20.33,1461.069,-0.31845559,1.070198859,1.388654449,0.430507028
2010.428962,523,2010,2010_158,158,18.14,1408.729,-0.382029343,1.129729909,1.511759252,0.432947693
2010.431694,524,2010,2010_159,159,21.38,1435.069,-0.685754825,1.231876168,1.917630993,0.431566243
2010.434426,525,2010,2010_160,160,20.16,1469.539,-0.374811116,1.270944806,1.645755921,0.447072631
2010.437158,526,2010,2010_161,161,22.04,1345.909,-0.561284195,1.308438242,1.869722437,0.467918608
2010.439891,527,2010,2010_162,162,18.03,895.8279,-0.971596508,1.306887339,2.278483847,0.551182081
2010.442623,528,2010,2010_163,163,18.5,1424,-1.273592883,1.457371357,2.73096424,0.462224721
2010.445355,529,2010,2010_164,164,14.55,1431.82,-1.09664788,1.509992954,2.606640834,0.461685492
2010.448087,530,2010,2010_165,165,15.73,1457.374,-0.889666073,1.394697173,2.284363246,0.46770508
2010.45082,531,2010,2010_166,166,16.69,1311.716,-0.62777645,1.183352797,1.811129247,0.493023502
2010.453552,532,2010,2010_167,167,8.52,451.9047,-0.949425315,1.085865845,2.03529116,0.479221393
2010.456284,533,2010,2010_168,168,17.42,1705.149,-1.483558456,0.966078118,2.449636574,0.448044085
2010.459016,534,2010,2010_169,169,13.22,1466.653,-1.530752735,1.022605595,2.553358329,0.506154086
2010.461749,535,2010,2010_170,170,10.27,1507.585,-1.599407255,1.023440932,2.622848187,0.517473657
2010.464481,536,2010,2010_171,171,15,1473.102,-1.614652048,1.021099469,2.635751517,0.488972481
2010.467213,537,2010,2010_172,172,15.6,1445.519,-2.031620253,0.899784249,2.931404502,0.476329079
2010.469945,538,2010,2010_173,173,11.46,1423.406,-1.752975267,1.085078556,2.838053823,0.506416809
2010.472678,539,2010,2010_174,174,14.28,1436.305,-2.010153379,1.390444121,3.4005975,0.476820463
2010.47541,540,2010,2010_175,175,13.42,1434.293,-2.015854878,1.099633056,3.115487934,0.488093566
2010.478142,541,2010,2010_176,176,13.25,1459.617,-1.968844623,1.073569102,3.042413725,0.48867476
2010.480874,542,2010,2010_177,177,9.13,1348.202,-2.212138272,1.132054866,3.344193138,0.543097015
2010.483607,543,2010,2010_178,178,10.04,1346.815,-1.546503949,1.039724085,2.586228034,0.49838914
2010.486339,544,2010,2010_179,179,18.83,1415.618,-1.568843294,1.096582785,2.665426079,0.481362353
2010.489071,545,2010,2010_180,180,20.03,1390.837,-1.804374357,1.339423962,3.143798319,0.489385049
2010.491803,546,2010,2010_181,181,12.68,644.8218,-2.182695654,1.161567911,3.344263564,0.551713031
2010.494536,547,2010,2010_182,182,18.21,1390.237,-2.280750206,1.254886717,3.535636923,0.493153488
2010.497268,548,2010,2010_183,183,19.91,1364.425,-0.725654921,1.781743167,2.507398088,0.424002919
2010.5,549,2010,2010_184,184,9.33,337.9569,-2.043388208,1.777831433,3.821219641,0.589149661
2010.502732,550,2010,2010_185,185,17.71,1415.434,-0.201025011,1.836938968,2.037963979,0.514722063
2010.505464,551,2010,2010_186,186,11.92,256.4097,-0.854359968,1.960697429,2.815057398,0.546433042
2010.508197,552,2010,2010_187,187,9.57,1138.586,-0.541487271,1.662475401,2.203962672,0.468253894
2010.510929,553,2010,2010_188,188,11.95,440.1009,-1.600959258,1.714224584,3.315183843,0.552328996
2010.513661,554,2010,2010_189,189,23.35,1321.309,-1.080950662,1.859558337,2.940508999,0.527445019
2010.516393,555,2010,2010_190,190,25.85,1336.122,-2.087204523,1.958832551,4.046037073,0.506306979
2010.519126,556,2010,2010_191,191,17.12,1437.709,-1.427486606,1.954801397,3.382288003,0.536669266
2010.521858,557,2010,2010_192,192,16.78,1263.837,-1.915256693,1.962974506,3.878231199,0.535384637
2010.52459,558,2010,2010_193,193,9.68,935.5492,-2.45409457,1.962974506,4.417069076,0.535886109
2010.527322,559,2010,2010_194,194,12.53,1551.555,-1.961994854,2.004856954,3.966851808,0.54487268
2010.530055,560,2010,2010_195,195,7.427,791.012,-2.003042279,2.499940722,4.502983001,0.584460434
2010.532787,561,2010,2010_196,196,10.92,1197.203,-1.165808131,2.312321651,3.478129782,0.562125162
2010.535519,562,2010,2010_197,197,15.48,1317.238,-0.838395559,1.982205884,2.820601443,0.399617558
2010.538251,563,2010,2010_198,198,12.83,411.8358,-1.066352534,1.840831485,2.90718402,0.598616809
2010.540984,564,2010,2010_199,199,16.24,863.9966,-0.585537159,1.815315047,2.400852206,0.534788462
2010.543716,565,2010,2010_200,200,10.03,352.5247,-1.527922073,1.807026513,3.334948586,0.528249837
2010.546448,566,2010,2010_201,201,13.68,1173.344,-1.805694187,1.70956616,3.515260347,0.56266634
2010.54918,567,2010,2010_202,202,16.75,1102.333,-1.282287581,1.652443347,2.934730928,0.536360136
2010.551913,568,2010,2010_203,203,17.92,839.4826,-2.093927849,1.68183996,3.775767809,0.581474044
2010.554645,569,2010,2010_204,204,15.81,1478.895,-1.954878846,1.511843421,3.466722268,0.531015897
2010.557377,570,2010,2010_205,205,16.49,1080.594,-1.305241585,1.522232528,2.827474114,0.546594726
2010.560109,571,2010,2010_206,206,19.05,1250.613,-1.957217967,1.585062892,3.542280859,0.538848673
2010.562842,572,2010,2010_207,207,20.6,1206.269,-1.692909073,1.755701111,3.448610184,0.567267776
2010.565574,573,2010,2010_208,208,19.45,1237.929,-1.265553944,1.74462893,3.010182875,0.561188579
2010.568306,574,2010,2010_209,209,16.61,983.8766,-0.131321353,1.674854276,1.80617563,0.5615673
2010.571038,575,2010,2010_210,210,12.57,292.014,-1.46672168,1.697230619,3.163952298,0.545067329
2010.57377,576,2010,2010_211,211,17.63,965.2911,-1.376600939,1.583386108,2.959987047,0.536226501
2010.576503,577,2010,2010_212,212,20.28,1187.715,-1.381602986,1.710927818,3.092530804,0.539775608
2010.579235,578,2010,2010_213,213,22.24,987.0903,-0.332555295,1.754042279,2.086597574,0.5613818
2010.581967,579,2010,2010_214,214,25.45,1253.842,-1.348051271,1.801499196,3.149550468,0.548966617
2010.584699,580,2010,2010_215,215,22.21,1248.662,-1.266795395,1.886396852,3.153192246,0.525606946
2010.587432,581,2010,2010_216,216,23.75,1201.641,-0.35662479,1.697053054,2.053677844,0.513803365
2010.590164,582,2010,2010_217,217,16.44,307.9651,0.607024277,1.717298267,1.110273989,0.569574277
2010.592896,583,2010,2010_218,218,9.15,167.7964,-0.668023046,1.680969877,2.348992923,0.530447244
2010.595628,584,2010,2010_219,219,9.84,949.5326,-0.354544444,1.645657249,2.000201694,0.525347106
2010.598361,585,2010,2010_220,220,9.6,513.8778,-1.049620094,1.540652637,2.590272731,0.558123897
2010.601093,586,2010,2010_221,221,10.37,606.8402,-0.469650926,1.562912786,2.032563712,0.55683318
2010.603825,587,2010,2010_222,222,8.42,706.5248,-1.737869322,1.548802882,3.286672204,0.581848479
2010.606557,588,2010,2010_223,223,13.89,1050.262,-0.886838326,1.592876831,2.479715157,0.521398324
2010.60929,589,2010,2010_224,224,16.95,1040.76,-0.979815589,1.622301512,2.602117101,0.525638644
2010.612022,590,2010,2010_225,225,14.97,1185.32,-1.267724816,1.622301512,2.890026328,0.584968431
2010.614754,591,2010,2010_226,226,17.85,979.7511,-1.09395167,1.618463076,2.712414746,0.506285855
2010.617486,592,2010,2010_227,227,26.72,1243.927,-0.177997408,1.567235125,1.745232534,0.52723267
2010.620219,593,2010,2010_228,228,20.49,1086.258,0.162623105,1.572875615,1.410252509,0.511866469
2010.622951,594,2010,2010_229,229,17.94,669.3104,-0.804679577,1.579559005,2.384238582,0.596065516
2010.625683,595,2010,2010_230,230,15.81,921.3172,0.493559682,1.585407064,1.091847381,0.509852129
2010.628415,596,2010,2010_231,231,11.07,175.8204,0.077365972,1.49500588,1.417639907,0.359123601
2010.631148,597,2010,2010_232,232,7.584,343.1785,-0.334993627,1.390965205,1.725958832,0.471882828
2010.63388,598,2010,2010_233,233,11.04,732.5371,-0.299554641,1.329117947,1.628672587,0.532561608
2010.636612,599,2010,2010_234,234,7.259,498.8245,-1.447405735,1.283775989,2.731181725,0.566224638
2010.639344,600,2010,2010_235,235,9.89,847.8694,-0.894992012,1.029023845,1.924015858,0.525151376
2010.642077,601,2010,2010_236,236,8.57,627.8754,-0.915870809,1.013930304,1.929801113,0.548469278
2010.644809,602,2010,2010_237,237,15.39,987.834,-0.785624232,1.085453479,1.871077711,0.469448139
2010.647541,603,2010,2010_238,238,12.51,975.9824,-0.543530596,1.018252081,1.561782677,0.467472592
2010.650273,604,2010,2010_239,239,13.88,971.9076,-0.458052468,1.024148604,1.482201072,0.450939734
2010.653005,605,2010,2010_240,240,14.54,1025.632,-0.484353873,0.914356362,1.398710235,0.458518209
2010.655738,606,2010,2010_241,241,13.16,955.9766,-0.383594662,0.948033567,1.331628229,0.460514594
2010.65847,607,2010,2010_242,242,12.22,935.6141,-0.115738025,0.819468677,0.935206702,0.434644038
2010.661202,608,2010,2010_243,243,6.854,604.4553,-0.440387,0.713303708,1.153690708,0.505742201
2010.663934,609,2010,2010_244,244,11.94,944.6148,-0.100595895,0.735916016,0.836511912,0.424976282
2010.666667,610,2010,2010_245,245,14.33,870.9072,-0.063190289,0.728918183,0.792108472,0.409150385
2010.669399,611,2010,2010_246,246,15.35,880.7469,0.066533323,0.66698174,0.600448417,0.391622823
2010.672131,612,2010,2010_247,247,15.09,470.5255,0.195484391,0.667618974,0.472134583,0.48788454
2010.674863,613,2010,2010_248,248,11.98,601.7785,0.185836323,0.620141935,0.434305612,0.51672625
2010.677596,614,2010,2010_249,249,17.18,851.984,0.100207865,0.528195276,0.427987412,0.456110124
2010.680328,615,2010,2010_250,250,18.3,797.3947,-0.053356374,0.46597007,0.519326445,0.419727691
2011.379781,870,2011,2011_140,140,5.695,1398.234,0.005867006,,,
2011.382514,871,2011,2011_141,141,9.53,1761.646,-0.114017366,1.213487813,1.327505178,
2011.385246,872,2011,2011_142,142,5.893,1416.289,-0.272751931,,0.00496409,
2011.387978,873,2011,2011_143,143,9.21,1459.936,-0.017028223,0.14121433,0.158242553,
2011.39071,874,2011,2011_144,144,11.57,1399.243,-0.278470988,0.276208554,0.554679542,
2011.393443,875,2011,2011_145,145,4.915,1360.642,-0.26086762,0.314465114,0.575332735,
2011.396175,876,2011,2011_146,146,6.967,1366.529,-0.237398691,0.417424287,0.654822978,
2011.398907,877,2011,2011_147,147,10.86,1334.983,0.02784408,0.42706958,0.3992255,0.005401954
2011.401639,878,2011,2011_148,148,12.7,1342.966,-0.415685946,0.432503093,0.848189039,0.223776975
2011.404372,879,2011,2011_149,149,11.11,1316.488,-0.460244083,0.494688196,0.954932279,0.398600743
2011.407104,880,2011,2011_150,150,11.82,1332.304,-0.127787277,0.441956299,0.569743576,0.404299911
2011.409836,881,2011,2011_151,151,5.802,612.4191,-0.059641546,0.456312047,0.515953593,0.408172904
2011.412568,882,2011,2011_152,152,2.684,1086.924,-0.050727049,0.505876127,0.556603176,0.45158439
2011.415301,883,2011,2011_153,153,4.856,1341.013,-0.453991411,0.492269805,0.946261216,0.432792877
2011.418033,884,2011,2011_154,154,13.88,1289.2,-0.899358169,0.436035093,1.335393263,0.423204513
2011.420765,885,2011,2011_155,155,12.17,1407.928,-0.68635269,0.484122617,1.170475307,0.430183289
2011.423497,886,2011,2011_156,156,14.2,1413.372,-0.925298607,0.48436666,1.409665267,0.440537968
2011.42623,887,2011,2011_157,157,12.38,1400.006,-0.717234305,0.474662238,1.191896542,0.424526276
2011.428962,888,2011,2011_158,158,10.31,1353.828,-0.383395685,0.524945744,0.908341429,0.428242411
2011.431694,889,2011,2011_159,159,4.839,1303.016,-0.744161101,0.559943477,1.304104578,0.464847921
2011.434426,890,2011,2011_160,160,8.32,1357.763,-0.851312715,0.44640714,1.297719855,0.445937102
2011.437158,891,2011,2011_161,161,9.62,1356.398,-0.577919032,0.497757123,1.075676155,0.449374827
2011.439891,892,2011,2011_162,162,8.77,1332.713,-0.826214659,0.538339828,1.364554487,0.447657552
2011.442623,893,2011,2011_163,163,1.617,1060.285,-0.608383671,0.499196407,1.107580078,0.455629231
2011.445355,894,2011,2011_164,164,3.142,682.5028,-0.883989164,0.594131986,1.47812115,0.489117868
2011.448087,895,2011,2011_165,165,12.69,1305.259,-0.931571411,0.857865747,1.789437159,0.437805778
2011.45082,896,2011,2011_166,166,14.62,1334.285,-0.961105915,0.977043676,1.938149592,0.443660603
2011.453552,897,2011,2011_167,167,15.93,1394.287,-0.73980313,1.238826185,1.978629315,0.442105372
2011.456284,898,2011,2011_168,168,16.99,1459.252,-1.159040867,1.380290453,2.53933132,0.44020866
2011.459016,899,2011,2011_169,169,16.37,1331.002,-1.206109461,1.366459917,2.572569378,0.451704685
2011.461749,900,2011,2011_170,170,18.53,1378.495,-1.362639825,1.257515972,2.620155797,0.443183534
2011.464481,901,2011,2011_171,171,18.76,1457.32,-1.556927747,1.285604327,2.842532074,0.460480296
2011.467213,902,2011,2011_172,172,16.11,1074.316,-1.381520587,1.082050856,2.463571443,0.462375186
2011.469945,903,2011,2011_173,173,19.37,1337.017,-1.85535237,1.184388577,3.039740947,0.461403416
2011.472678,904,2011,2011_174,174,14.54,1295.443,-1.816546187,1.32584782,3.142394007,0.463948292
2011.47541,905,2011,2011_175,175,20.02,1184.235,-1.441315065,1.319769638,2.761084703,0.471494575
2011.478142,906,2011,2011_176,176,20.52,1328.762,-2.405373207,1.301922965,3.707296172,0.466974299
2011.480874,907,2011,2011_177,177,27.61,1324.537,-1.422876104,1.284387271,2.707263375,0.480066194
2011.483607,908,2011,2011_178,178,23.02,1218.967,-2.505437262,1.227563911,3.733001174,0.469934153
2011.486339,909,2011,2011_179,179,18.14,1327.627,-1.947071894,1.182193135,3.12926503,0.480308357
2011.489071,910,2011,2011_180,180,3.625,679.1783,-1.860303223,1.092131082,2.952434305,0.506639056
2011.491803,911,2011,2011_181,181,5.103,768.0711,-1.880217139,1.093285091,2.973502229,0.526611974
2011.494536,912,2011,2011_182,182,9.98,977.937,-1.981639687,1.177050757,3.158690445,0.524248152
2011.497268,913,2011,2011_183,183,19.56,1382.915,-2.650734494,1.169292934,3.820027428,0.48889257
2011.5,914,2011,2011_184,184,17.81,1343.7,-0.797437401,1.365925466,2.163362868,0.508746053
2011.502732,915,2011,2011_185,185,6.912,314.3326,-1.869627153,1.566042586,3.43566974,0.494292462
2011.505464,916,2011,2011_186,186,18.58,1264.417,-2.37315133,1.759613787,4.132765117,0.48801528
2011.508197,917,2011,2011_187,187,21.04,1277.297,-2.543691637,1.767343626,4.311035263,0.498103228
2011.510929,918,2011,2011_188,188,20.58,1308.15,-2.823778689,1.849350747,4.673129435,0.498650556
2011.513661,919,2011,2011_189,189,15.86,1180.909,-2.856134475,1.864396742,4.720531217,0.507679899
2011.516393,920,2011,2011_190,190,14.91,1338.298,-2.986617776,1.800372285,4.786990061,0.51564214
2011.519126,921,2011,2011_191,191,14.07,1405.353,-2.716577334,2.135257486,4.85183482,0.506274072
2011.521858,922,2011,2011_192,192,15.51,722.1995,-1.490559825,2.022138233,3.512698058,0.536746609
2011.52459,923,2011,2011_193,193,19.07,833.5212,-0.63410218,2.092306107,2.726408288,0.570266435
2011.527322,924,2011,2011_194,194,13.27,355.8556,-1.882348062,1.958801364,3.841149426,0.500899447
2011.530055,925,2011,2011_195,195,14.57,1211.18,-2.881226112,1.930455454,4.811681566,0.562275233
2011.532787,926,2011,2011_196,196,18.67,1181.346,-1.676463332,1.8998481,3.576311432,0.515686223
2011.535519,927,2011,2011_197,197,17.27,1294.226,-2.548490035,1.839339248,4.387829283,0.524694887
2011.538251,928,2011,2011_198,198,15.13,1228.732,-2.524269005,1.772331213,4.296600218,0.519359801
2011.540984,929,2011,2011_199,199,16.34,1312.308,-2.280656288,1.789379436,4.070035724,0.516114858
2011.543716,930,2011,2011_200,200,18.51,1292.287,-1.611846557,1.750317399,3.362163957,0.515005363
2011.546448,931,2011,2011_201,201,19.36,1354.921,-1.970359245,1.748079156,3.718438401,0.538992405
2011.54918,932,2011,2011_202,202,15.08,1266.615,-1.77679221,1.627041366,3.403833576,0.527779183
2011.551913,933,2011,2011_203,203,17.12,1133.264,-1.766017376,1.629976433,3.395993809,0.516121841
2011.554645,934,2011,2011_204,204,19.37,1122.27,-2.505188898,1.705170458,4.210359356,0.527051683
2011.557377,935,2011,2011_205,205,16.57,1369.474,-1.709478007,1.74620694,3.455684947,0.516043608
2011.560109,936,2011,2011_206,206,9.81,635.1702,-2.679709407,1.749697167,4.429406574,0.499845841
2011.562842,937,2011,2011_207,207,13.88,1013.176,-1.969878592,1.714109123,3.683987715,0.505745623
2011.565574,938,2011,2011_208,208,17.91,1203.639,-1.658496787,1.695051592,3.353548379,0.504189255
2011.568306,939,2011,2011_209,209,22.06,1230.072,-0.96610673,1.534444414,2.500551145,0.508821601
2011.571038,940,2011,2011_210,210,18.28,899.4288,-1.328512055,1.302453474,2.630965529,0.538380578
2011.57377,941,2011,2011_211,211,11.23,856.1107,-1.563977245,1.308038997,2.872016243,0.563198306
2011.576503,942,2011,2011_212,212,14.47,1196.52,-1.696085834,1.26585805,2.961943885,0.527692059
2011.579235,943,2011,2011_213,213,16.05,1338.725,-0.720078611,1.174003365,1.894081976,0.507671054
2011.581967,944,2011,2011_214,214,12.02,563.3536,-1.639994584,1.339214247,2.979208831,0.541509566
2011.584699,945,2011,2011_215,215,17.93,1308.143,-0.905954445,1.314894209,2.220848654,0.5013062
2011.587432,946,2011,2011_216,216,20.86,1013.771,-1.083374709,1.313995549,2.397370258,0.528686066
2011.590164,947,2011,2011_217,217,16.09,1098.028,-1.332565879,1.186658511,2.51922439,0.526474148
2011.592896,948,2011,2011_218,218,14.69,1047.575,-0.522389952,1.163780207,1.686170159,0.534964289
2011.595628,949,2011,2011_219,219,13.14,709.8098,-0.740711714,1.171103302,1.911815016,0.568089952
2011.598361,950,2011,2011_220,220,12.8,1045.925,-1.399540813,1.151225704,2.550766516,0.494922734
2011.601093,951,2011,2011_221,221,15.87,1170.826,0.086268085,1.17562352,1.089355435,0.50309401
2011.603825,952,2011,2011_222,222,8.2,355.7849,-1.496355283,1.277348368,2.773703651,0.532037646
2011.606557,953,2011,2011_223,223,14.44,1104.402,-0.774826543,1.269429102,2.044255645,0.491356972
2011.60929,954,2011,2011_224,224,19.52,1042.446,-0.620591516,1.486041544,2.10663306,0.507372409
2011.612022,955,2011,2011_225,225,16.7,1084.903,0.095225634,1.43909947,1.343873836,0.499980701
2011.614754,956,2011,2011_226,226,7.36,513.9136,0.020226359,1.432956198,1.412729839,0.505950907
2011.617486,957,2011,2011_227,227,7.705,618.295,-0.162159607,1.481558809,1.643718415,0.521497665
2011.620219,958,2011,2011_228,228,6.228,714.8368,-0.700927403,1.272046416,1.972973819,0.540013343
2011.622951,959,2011,2011_229,229,6.202,763.357,-0.707798495,1.286452911,1.994251406,0.524280834
2011.625683,960,2011,2011_230,230,10.55,1032.49,-0.420359758,1.1976076,1.617967357,0.490563429
2011.628415,961,2011,2011_231,231,15.42,1029.594,-0.47558078,1.325879044,1.801459824,0.478841386
2011.631148,962,2011,2011_232,232,8.57,920.0609,0.044303563,1.300667291,1.256363729,0.485945241
2011.63388,963,2011,2011_233,233,5.623,859.0376,-0.325109641,1.301311808,1.626421449,0.533068128
2011.636612,964,2011,2011_234,234,12.19,1009.937,0.148725282,1.370419708,1.221694425,0.457961147
2011.639344,965,2011,2011_235,235,4.235,370.1521,0.024677979,1.371582302,1.346904323,0.488998532
2011.642077,966,2011,2011_236,236,10.71,956.3179,0.193066417,1.240916191,1.047849773,0.466835674
2011.644809,967,2011,2011_237,237,15.17,975.8947,0.106829723,1.276539891,1.169710168,0.429060707
2011.647541,968,2011,2011_238,238,17.76,1057.159,0.443785143,1.30710222,0.863317077,0.431120202
2011.650273,969,2011,2011_239,239,17.45,955.3167,0.298100511,1.295996075,0.997895563,0.406262313
2011.653005,970,2011,2011_240,240,15.47,937.5417,0.31782636,1.320832421,1.00300606,0.50590938
2011.655738,971,2011,2011_241,241,16.06,936.2209,0.608639762,1.359010262,0.7503705,0.442052867
2011.65847,972,2011,2011_242,242,18.86,905.2875,0.311897285,1.421394662,1.109497377,0.423373297
2011.661202,973,2011,2011_243,243,15.09,880.1589,0.191932413,1.464166551,1.272234139,0.444621196
2011.663934,974,2011,2011_244,244,12.64,737.3191,0.352266634,1.519665452,1.167398819,0.520093986
2011.666667,975,2011,2011_245,245,11.24,864.2147,0.353983551,1.411531954,1.057548403,0.522455385
2011.669399,976,2011,2011_246,246,7.811,292.9868,0.07014428,1.170933677,1.100789397,0.503888829
2011.672131,977,2011,2011_247,247,5.408,464.4365,0.607765869,1.052579563,0.444813694,0.463950581
2011.674863,978,2011,2011_248,248,3.722,259.3694,0.38152486,0.918137443,0.536612582,0.438531373
2011.677596,979,2011,2011_249,249,2.483,319.4827,0.297144401,0.87417763,0.577033229,0.023718489
2011.680328,980,2011,2011_250,250,2.631,370.1172,0.36863546,0.831658885,0.463023425,0.25482783
2012.379781,1235,2012,2012_140,140,0.003334643,1348.681,0.066840304,0.097330331,0.030490027,
2012.382514,1236,2012,2012_141,141,10.61,1354.535,0.001726369,0.216865514,0.215139145,
2012.385246,1237,2012,2012_142,142,7.223,1350.867,0.155402711,0.205258428,0.049855716,
2012.387978,1238,2012,2012_143,143,5.639,1359.54,0.101768373,0.208311776,0.106543403,
2012.39071,1239,2012,2012_144,144,11.23,1347.404,-0.077646059,0.242708172,0.320354231,
2012.393443,1240,2012,2012_145,145,0.962,917.7545,0.163436502,0.483159512,0.31972301,
2012.396175,1241,2012,2012_146,146,-0.011,738.7071,-0.219510213,0.154395585,0.373905798,
2012.398907,1242,2012,2012_147,147,-2.517,1040.883,0.249969341,0.78073274,0.530763399,
2012.401639,1243,2012,2012_148,148,-1.47,1529.068,0.171130777,0.562502257,0.39137148,
2012.404372,1244,2012,2012_149,149,2.499,1441.612,-0.261909653,0.472508711,0.734418365,
2012.407104,1245,2012,2012_150,150,-0.846,1054.062,-0.230613752,0.423302736,0.653916488,
2012.409836,1246,2012,2012_151,151,14.32,1419.913,-0.013153109,0.373230707,0.386383816,
2012.412568,1247,2012,2012_152,152,14.32,1357.709,-0.133971206,0.218197195,0.352168401,
2012.415301,1248,2012,2012_153,153,4.014,658.1908,-0.302937904,0.543437394,0.846375298,
2012.418033,1249,2012,2012_154,154,7.397,1297.984,-0.328842384,0.500857614,0.829699998,
2012.420765,1250,2012,2012_155,155,14.38,1327.745,-0.130294978,0.265060727,0.395355705,0.26725181
2012.423497,1251,2012,2012_156,156,17.24,1297.901,-0.699687855,0.304103997,1.003791853,0.394490626
2012.42623,1252,2012,2012_157,157,16.52,1305.522,-1.065804415,0.484342026,1.55014644,0.387857869
2012.428962,1253,2012,2012_158,158,10.55,1284.447,-1.060917741,0.438581245,1.499498985,0.385586409
2012.431694,1254,2012,2012_159,159,11.91,1300.933,-1.130809467,0.350975887,1.481785354,0.373790487
2012.434426,1255,2012,2012_160,160,8.54,1297.028,-0.744430711,0.471465114,1.215895825,0.403615711
2012.437158,1256,2012,2012_161,161,20.46,1297.438,-0.702146655,0.570215261,1.272361915,0.413899505
2012.439891,1257,2012,2012_162,162,20.07,1302.611,-0.493569534,0.652366516,1.14593605,0.40145597
2012.442623,1258,2012,2012_163,163,9.49,832.1172,-0.779658441,0.735294757,1.514953198,0.443952228
2012.445355,1259,2012,2012_164,164,4.021,1046.86,-1.27895136,0.784587607,2.063538967,0.436913333
2012.448087,1260,2012,2012_165,165,13.43,1286.78,-1.239588529,0.906513946,2.146102475,
2012.45082,1261,2012,2012_166,166,18.27,1314.829,-0.985135737,0.970725833,1.95586157,0.427283989
2012.453552,1262,2012,2012_167,167,19.64,1365.495,-0.850912976,1.010615209,1.861528185,0.428769951
2012.456284,1263,2012,2012_168,168,20.78,1388.925,-1.056733131,1.041382718,2.098115849,0.430811072
2012.459016,1264,2012,2012_169,169,10.25,694.3811,-0.748688243,1.194857942,1.943546185,0.435496197
2012.461749,1265,2012,2012_170,170,21.65,1289.884,-0.569867943,1.606233072,2.176101014,0.443286201
2012.464481,1266,2012,2012_171,171,22.73,1271.664,-1.088489852,1.955931309,3.044421161,0.449192366
2012.467213,1267,2012,2012_172,172,20.56,1256.22,-1.80148315,2.232515481,4.033998631,0.453700468
2012.469945,1268,2012,2012_173,173,18.53,1260.819,-1.920704675,2.599498345,4.52020302,0.449126725
2012.472678,1269,2012,2012_174,174,17.16,1266.696,-2.045535018,2.473958723,4.519493741,0.45641099
2012.47541,1270,2012,2012_175,175,20.31,1304.86,-1.382505199,2.558539128,3.941044327,0.454560016
2012.478142,1271,2012,2012_176,176,22.32,1270.536,-1.345944654,2.573297116,3.91924177,0.476394565
2012.480874,1272,2012,2012_177,177,13.17,824.5037,-2.065796821,2.537339005,4.603135826,0.448540052
2012.483607,1273,2012,2012_178,178,12.75,936.3162,-1.985329188,2.369975883,4.355305071,0.458431894
2012.486339,1274,2012,2012_179,179,13.98,840.0672,-1.079968406,2.188106611,3.268075018,0.464543707
2012.489071,1275,2012,2012_180,180,13.1,522.1,-2.393745777,2.123668119,4.517413895,0.454711328
2012.491803,1276,2012,2012_181,181,18.07,1182.523,-2.309081408,2.172939913,4.482021321,0.478355352
2012.494536,1277,2012,2012_182,182,14.8,1086.353,-1.567952717,2.011421773,3.57937449,0.483781343
2012.497268,1278,2012,2012_183,183,15.77,563.4294,-2.339130545,1.854308126,4.193438671,0.522392626
2012.5,1279,2012,2012_184,184,21.23,1319.763,-2.595290015,1.874551448,4.469841463,0.48913896
2012.502732,1280,2012,2012_185,185,20.43,1202.891,-2.189105019,1.735911613,3.925016631,0.494704804
2012.505464,1281,2012,2012_186,186,22.15,1238.587,-2.895938066,1.670919031,4.566857096,0.518114137
2012.508197,1282,2012,2012_187,187,17.13,1203.424,-2.488440832,1.432263443,3.920704275,0.493965279
2012.510929,1283,2012,2012_188,188,19.5,1246.142,-2.372215586,1.472399555,3.844615141,0.495693857
2012.513661,1284,2012,2012_189,189,18.46,1206.545,-1.533675067,1.412452854,2.946127921,0.513161383
2012.516393,1285,2012,2012_190,190,14.83,794.9926,-1.839167182,1.410470499,3.249637681,0.507876053
2012.519126,1286,2012,2012_191,191,20.54,1211.962,-2.121453603,1.293235582,3.414689185,0.521409691
2012.521858,1287,2012,2012_192,192,17.25,1292.474,-2.21675578,1.245557571,3.46231335,0.500444453
2012.52459,1288,2012,2012_193,193,19.97,1248.009,-1.488886286,1.275561367,2.764447653,0.528763474
2012.527322,1289,2012,2012_194,194,21.99,1263.559,-1.073453253,1.411267291,2.484720544,0.519503703
2012.530055,1290,2012,2012_195,195,20.61,878.6938,-1.129622867,1.436368036,2.565990904,0.447865428
2012.532787,1291,2012,2012_196,196,15.15,874.8442,-2.090785901,1.416652141,3.507438042,0.562559106
2012.535519,1292,2012,2012_197,197,16.19,994.651,-0.811904053,1.480019761,2.291923814,0.509986155
2012.538251,1293,2012,2012_198,198,13.86,569.9208,-0.547292012,1.510794943,2.058086956,0.54923868
2012.540984,1294,2012,2012_199,199,10.91,304.8258,-1.095636044,1.602338483,2.697974528,0.545514489
2012.543716,1295,2012,2012_200,200,11.42,672.3142,-2.230131062,1.465329534,3.695460596,0.576800143
2012.546448,1296,2012,2012_201,201,14.19,1008.942,-0.869830667,1.45726148,2.327092147,0.462433906
2012.54918,1297,2012,2012_202,202,12.92,693.8264,-0.378159985,1.551588233,1.929748218,0.566491304
2012.551913,1298,2012,2012_203,203,8.63,276.0187,-1.992561617,1.625680717,3.618242335,0.388927643
2012.554645,1299,2012,2012_204,204,20.95,1205.448,-1.141636144,1.611972814,2.753608959,0.512909461
2012.557377,1300,2012,2012_205,205,21.08,1184.732,-0.959856975,1.735001271,2.694858246,0.511198633
2012.560109,1301,2012,2012_206,206,15.98,602.1804,-1.954067394,1.801828833,3.755896226,0.558792063
2012.562842,1302,2012,2012_207,207,17.93,814.7908,-1.370924732,1.882083001,3.253007733,0.53208794
2012.565574,1303,2012,2012_208,208,20.83,1001.472,-1.295304497,1.851180682,3.14648518,0.520834888
2012.568306,1304,2012,2012_209,209,21.31,1058.523,-0.963617875,1.86628209,2.829899965,0.512123621
2012.571038,1305,2012,2012_210,210,18.95,1034.512,-1.009478609,1.875749812,2.885228421,0.526290024
2012.57377,1306,2012,2012_211,211,24.1,1112.719,-1.629109259,1.816516422,3.445625681,0.513206466
2012.576503,1307,2012,2012_212,212,19.52,1119.689,-1.38933364,1.893828069,3.283161709,0.507143245
2012.579235,1308,2012,2012_213,213,12.79,777.762,-1.987163081,1.816072722,3.803235803,0.520612749
2012.581967,1309,2012,2012_214,214,16.52,886.6396,-1.004243882,1.826263466,2.830507347,0.545226774
2012.584699,1310,2012,2012_215,215,16.08,997.0314,-0.330659008,1.811319589,2.141978597,0.515735545
2012.587432,1311,2012,2012_216,216,13.32,663.5298,-1.402252739,1.736687336,3.138940075,0.53702326
2012.590164,1312,2012,2012_217,217,13.7,735.7399,-1.124680042,1.731590545,2.856270587,0.557434367
2012.592896,1313,2012,2012_218,218,16.18,983.7359,0.397554506,1.706997619,1.309443113,0.520810139
2012.595628,1314,2012,2012_219,219,8.79,109.3747,-1.111439067,1.593746309,2.705185376,0.489324654
2012.598361,1315,2012,2012_220,220,8.61,946.0778,-0.965272185,1.508943394,2.474215579,0.523344378
2012.601093,1316,2012,2012_221,221,12.97,792.2651,-1.481227245,1.384594338,2.865821582,0.542988432
2012.603825,1317,2012,2012_222,222,15.79,708.4124,-0.676309678,1.36126073,2.037570409,0.549273916
2012.606557,1318,2012,2012_223,223,11.86,470.4214,-0.281745172,1.247092184,1.528837356,0.57479114
2012.60929,1319,2012,2012_224,224,9.31,267.0411,-1.811006966,1.233636827,3.044643792,0.515515259
2012.612022,1320,2012,2012_225,225,14.83,944.4732,-1.201339681,1.169216441,2.370556123,0.498832482
2012.614754,1321,2012,2012_226,226,19.09,972.3363,-0.39818106,1.187616305,1.585797365,0.497611581
2012.617486,1322,2012,2012_227,227,18.59,917.2394,-0.039620401,1.201584488,1.241204889,0.49442616
2012.620219,1323,2012,2012_228,228,16.78,358.6741,-0.288117673,1.103659367,1.391777041,0.569692256
2012.622951,1324,2012,2012_229,229,17.26,503.5879,-0.288853498,1.010423987,1.299277485,0.51598361
2012.625683,1325,2012,2012_230,230,15.79,592.0082,-0.309115432,0.907956406,1.217071838,0.514690413
2012.628415,1326,2012,2012_231,231,17.22,849.8421,-0.176008845,0.992434141,1.168442986,0.46869378
2012.631148,1327,2012,2012_232,232,16.77,944.8667,-0.316907129,1.020037255,1.336944384,0.481429281
2012.63388,1328,2012,2012_233,233,17.67,924.3586,-0.100516318,0.988531554,1.089047872,0.488945149
2012.636612,1329,2012,2012_234,234,15.41,768.1481,-0.39141354,1.005064694,1.396478234,0.517390107
2012.639344,1330,2012,2012_235,235,17.74,842.7394,-0.325644976,0.987289402,1.312934378,0.45505018
2012.642077,1331,2012,2012_236,236,19.7,921.6748,0.038793637,0.932577882,0.893784245,0.441391277
2012.644809,1332,2012,2012_237,237,18.9,857.9153,0.153546196,0.973338588,0.819792392,0.485659795
2012.647541,1333,2012,2012_238,238,13.35,561.2469,-0.543076406,0.940783943,1.483860349,0.505639309
2012.650273,1334,2012,2012_239,239,11.01,882.857,0.368329028,0.88277739,0.514448363,0.443095804
2012.653005,1335,2012,2012_240,240,4.727,235.8041,0.07623122,0.83236401,0.75613279,0.017727333
2012.655738,1336,2012,2012_241,241,9.03,598.1035,0.193249367,0.738783448,0.545534082,0.505303982
2012.65847,1337,2012,2012_242,242,10.45,445.8068,0.548683683,0.8049987,0.256315018,0.496555834
2012.661202,1338,2012,2012_243,243,7.344,202.4394,0.275935652,0.747712946,0.471777293,0.464182337
2012.663934,1339,2012,2012_244,244,4.703,293.0814,0.208957364,0.897454326,0.688496962,0.513570476
2012.666667,1340,2012,2012_245,245,4.412,296.6595,0.396079095,0.890602947,0.494523852,0.496974182
2012.669399,1341,2012,2012_246,246,4.117,262.9158,0.241547221,1.046638939,0.805091718,0.507053762
2012.672131,1342,2012,2012_247,247,1.549,203.0713,-0.292301505,1.052006343,1.344307848,0.079631885
2012.674863,1343,2012,2012_248,248,1.269969596,169.3888257,-0.511181539,1.05453378,1.565715319,
2012.677596,1344,2012,2012_249,249,0.773915545,195.3894039,-0.72876582,,0.72876582,
2012.680328,1345,2012,2012_250,250,0.277861493,221.3899821,-0.94506582,,0.94506582,
2013.379781,1601,2013,2013_140,140,4.127833923,1039.538953,,,,
2013.382514,1602,2013,2013_141,141,4.123544596,1039.017039,-0.289154339,,0.289154339,
2013.385246,1603,2013,2013_142,142,4.119255268,1038.495125,-0.46728503,,0.46728503,
2013.387978,1604,2013,2013_143,143,5.926,1366.109,-0.056582898,,0.056582898,
2013.39071,1605,2013,2013_144,144,4.556,1356.116,-0.245793785,,0.245793785,
2013.393443,1606,2013,2013_145,145,9.36,1325.419,-0.308622574,,0.308622574,
2013.396175,1607,2013,2013_146,146,8.72,1511.779,-0.28427911,,0.28427911,
2013.398907,1608,2013,2013_147,147,1.191,1212.229,-0.343925483,,0.343925483,
2013.401639,1609,2013,2013_148,148,4.431,1325.147,-0.336502146,3.349927981,3.686430127,
2013.404372,1610,2013,2013_149,149,1.986,1172.724,-0.3402193,,,
2013.407104,1611,2013,2013_150,150,0.488,1307.882,-0.358302926,,,
2013.409836,1612,2013,2013_151,151,1.695,1241.042,-0.382603708,,,
2013.412568,1613,2013,2013_152,152,9.25,1336.697,-0.457615569,,,
2013.415301,1614,2013,2013_153,153,15.15,1308.865,-0.418493465,,,
2013.418033,1615,2013,2013_154,154,6.678,1249.034,-0.284400291,0.60649048,0.890890771,
2013.420765,1616,2013,2013_155,155,-3.72,1192.358,-0.494873519,0.379898164,0.874771683,
2013.423497,1617,2013,2013_156,156,7.066,1251.947,-0.174840824,0.544237288,0.719078112,
2013.42623,1618,2013,2013_157,157,6.305,1050.087,-0.243866936,0.703456518,0.947323454,
2013.428962,1619,2013,2013_158,158,13.04,1279.293,-0.299909532,0.778293958,1.07820349,
2013.431694,1620,2013,2013_159,159,9.68,1073.559,-0.055213103,0.642292803,0.697505906,
2013.434426,1621,2013,2013_160,160,8.6,658.7725,-0.158268794,0.59869406,0.756962854,0.273215926
2013.437158,1622,2013,2013_161,161,10.84,1206.581,-0.299037832,0.583062779,0.882100611,0.378070887
2013.439891,1623,2013,2013_162,162,16.02,967.1375,-0.814207691,0.641599413,1.455807104,0.419367889
2013.442623,1624,2013,2013_163,163,19.56,1296.364,-0.55413053,0.579283525,1.133414055,0.394428553
2013.445355,1625,2013,2013_164,164,22,1334.976,-0.253533336,0.813292127,1.066825463,0.376931518
2013.448087,1626,2013,2013_165,165,22.76,1190.238,-0.755048586,0.927099194,1.682147779,0.379704241
2013.45082,1627,2013,2013_166,166,17.29,1233.919,-0.368432984,1.073091001,1.441523985,0.43536408
2013.453552,1628,2013,2013_167,167,15.01,1030.901,-1.129904108,1.098014852,2.22791896,0.497562236
2013.456284,1629,2013,2013_168,168,20.14,1313.93,-0.576151872,1.175687602,1.751839474,0.454149681
2013.459016,1630,2013,2013_169,169,23.97,1322.617,-0.645958646,1.266183179,1.912141826,0.459157636
2013.461749,1631,2013,2013_170,170,24.48,1302.361,-0.088127681,1.240593682,1.328721364,0.466802951
2013.464481,1632,2013,2013_171,171,28.56,1344.113,-1.080204065,1.431509723,2.511713788,0.459859655
2013.467213,1633,2013,2013_172,172,19.92,1295.921,-1.031512726,1.817429184,2.84894191,0.461651798
2013.469945,1634,2013,2013_173,173,15.21,1229.603,-1.489217063,1.848290508,3.33750757,0.477848628
2013.472678,1635,2013,2013_174,174,18.47,1297.233,-0.741445434,2.129527591,2.870973025,0.476486628
2013.47541,1636,2013,2013_175,175,12.88,439.5466,-2.025632781,2.416574846,4.442207627,0.529610619
2013.478142,1637,2013,2013_176,176,12.96,1144.458,-1.553717908,2.224808351,3.778526259,0.513430221
2013.480874,1638,2013,2013_177,177,25.5,1223.647,-0.876169061,2.242254047,3.118423108,0.489456522
2013.483607,1639,2013,2013_178,178,20.98,979.4973,-1.892638545,2.102040939,3.994679484,0.525449799
2013.486339,1640,2013,2013_179,179,18.38,1239.664,-2.248003742,2.187945609,4.43594935,0.511052723
2013.489071,1641,2013,2013_180,180,15.59,1168.572,-1.720822366,2.263065241,3.983887607,0.523629067
2013.491803,1642,2013,2013_181,181,23.62,966.2855,-1.157348742,2.192861769,3.350210511,0.506483789
2013.494536,1643,2013,2013_182,182,21.62,1121.977,-0.951253173,2.252089627,3.2033428,0.509331804
2013.497268,1644,2013,2013_183,183,15.13,385.3354,-1.686885305,2.662847245,4.34973255,0.504443967
2013.5,1645,2013,2013_184,184,18.39,1218.475,-2.572670427,2.776785517,5.349455944,0.513751166
2013.502732,1646,2013,2013_185,185,18.48,1277.105,-3.20434374,2.87442086,6.0787646,0.510577379
2013.505464,1647,2013,2013_186,186,13.57,1119.771,-2.604678783,2.742437683,5.347116466,0.525246831
2013.508197,1648,2013,2013_187,187,17.84,1248.545,-2.488981071,2.628213775,5.117194846,0.533663282
2013.510929,1649,2013,2013_188,188,18.06,1184.318,-1.145943645,2.338379256,3.484322901,0.532441238
2013.513661,1650,2013,2013_189,189,6.12,463.1306,-1.775799481,1.52953063,3.305330111,0.493127383
2013.516393,1651,2013,2013_190,190,8.13,924.5611,-3.070753714,1.661415849,4.732169564,0.544333105
2013.519126,1652,2013,2013_191,191,11.36,673.6783,-2.573648814,1.424591842,3.998240656,0.546047546
2013.521858,1653,2013,2013_192,192,15.48,1224.627,-2.863402758,1.632677722,4.49608048,0.550634632
2013.52459,1654,2013,2013_193,193,17.03,1229.434,-2.25795782,1.723005589,3.980963409,0.549297495
2013.527322,1655,2013,2013_194,194,21.25,1218.753,-2.387244233,1.720382566,4.107626799,0.546381746
2013.530055,1656,2013,2013_195,195,24.22,1202.276,-1.524775489,1.497453231,3.02222872,0.538787418
2013.532787,1657,2013,2013_196,196,23.59,1019.496,-2.26045012,1.445459563,3.705909684,0.561294566
2013.535519,1658,2013,2013_197,197,19.11,821.0972,-2.522730334,1.359237697,3.881968031,0.534162779
2013.538251,1659,2013,2013_198,198,15.31,747.3626,-2.910285793,1.231154636,4.141440429,0.581815259
2013.540984,1660,2013,2013_199,199,17.93,1219.923,-1.956217866,1.304486391,3.260704257,0.55642337
2013.543716,1661,2013,2013_200,200,14.54,681.4911,-2.712180145,1.322345751,4.034525896,0.588424073
2013.546448,1662,2013,2013_201,201,15.35,1266.662,-2.758153221,1.249229769,4.00738299,0.569132292
2013.54918,1663,2013,2013_202,202,20.09,1183.096,-1.233531703,1.291866115,2.525397818,0.550168699
2013.551913,1664,2013,2013_203,203,20.27,910.1896,-0.544430994,1.469136008,2.013567002,0.582320501
2013.554645,1665,2013,2013_204,204,15.82,632.0494,-0.869519945,1.491345125,2.36086507,0.582175508
2013.557377,1666,2013,2013_205,205,9.1,993.1524,-2.171737697,1.523704328,3.695442024,0.588264905
2013.560109,1667,2013,2013_206,206,12.3,1189.431,-1.74040561,1.500054869,3.240460478,0.573428799
2013.562842,1668,2013,2013_207,207,13.42,574.4066,-0.632914625,1.490716058,2.123630683,0.590132624
2013.565574,1669,2013,2013_208,208,18.35,661.5391,-1.154995086,1.423040426,2.578035512,0.613512493
2013.568306,1670,2013,2013_209,209,24.58,1123.863,-1.439629962,1.404334308,2.84396427,0.594686827
2013.571038,1671,2013,2013_210,210,15.8,995.0773,-2.134679965,1.456067923,3.590747887,0.59826306
2013.57377,1672,2013,2013_211,211,16.8,1020.837,-1.111094836,1.467496756,2.578591592,0.5710497
2013.576503,1673,2013,2013_212,212,13.89,739.989,-1.429387939,1.534233949,2.963621888,0.612965873
2013.579235,1674,2013,2013_213,213,21.81,868.013,-1.430376203,1.518768956,2.949145159,0.587167572
2013.581967,1675,2013,2013_214,214,24.02,1022.102,-2.055065527,1.451137778,3.506203305,0.570435922
2013.584699,1676,2013,2013_215,215,20.5,1026.003,-1.206979752,1.774357334,2.981337086,0.604275585
2013.587432,1677,2013,2013_216,216,18.31,983.9857,-1.818275188,1.937620506,3.755895694,0.598260664
2013.590164,1678,2013,2013_217,217,16.35,1071.035,-2.21167321,1.883221605,4.094894815,0.582777735
2013.592896,1679,2013,2013_218,218,21.69,1021.42,-1.630244525,1.815749472,3.445993997,0.554237928
2013.595628,1680,2013,2013_219,219,26.09,1003.496,-0.623538571,1.844978781,2.468517352,0.581710118
2013.598361,1681,2013,2013_220,220,23.62,1058.36,-1.238761657,1.860529047,3.099290704,0.563308559
2013.601093,1682,2013,2013_221,221,20.71,917.4375,-1.007044334,1.78684052,2.793884854,0.604469546
2013.603825,1683,2013,2013_222,222,18.77,971.157,-1.266730501,1.882183297,3.148913798,0.551670426
2013.606557,1684,2013,2013_223,223,18.28,928.7112,-0.703418573,1.96481761,2.668236183,0.551957261
2013.60929,1685,2013,2013_224,224,15.27,535.5103,-1.081113954,1.964839452,3.045953406,0.579305095
2013.612022,1686,2013,2013_225,225,16.85,960.3827,-0.099187121,1.974324028,2.073511149,0.551363135
2013.614754,1687,2013,2013_226,226,8.09,209.3391,-0.193603343,1.92882372,2.122427062,0.512090323
2013.617486,1688,2013,2013_227,227,8.67,413.2361,0.010786917,1.891670581,1.880883664,0.563192146
2013.620219,1689,2013,2013_228,228,8.56,450.2027,0.16172788,2.016023608,1.854295727,0.569746846
2013.622951,1690,2013,2013_229,229,7.462,433.4474,0.051905095,1.771379808,1.719474714,0.573758035
2013.625683,1691,2013,2013_230,230,7.544,559.5929,0.416906425,1.595943581,1.179037156,0.583393674
2013.628415,1692,2013,2013_231,231,3.873,329.5976,0.198065246,1.457734076,1.25966883,0.563299393
2013.631148,1693,2013,2013_232,232,-0.414,635.5362,-0.393430134,1.598723432,1.992153566,
2013.63388,1694,2013,2013_233,233,7.983,978.3583,-0.518120337,1.622356834,2.14047717,0.005489105
2013.636612,1695,2013,2013_234,234,8.01,953.364,0.492328728,1.535801424,1.043472696,0.481621811
2013.639344,1696,2013,2013_235,235,3.466,391.919,0.064519191,1.436642403,1.372123213,0.577471329
2013.642077,1697,2013,2013_236,236,3.644,657.7958,-0.054241399,1.370964939,1.425206338,0.591982482
2013.644809,1698,2013,2013_237,237,3.701,563.342,0.123760017,1.238760772,1.115000755,0.60103916
2013.647541,1699,2013,2013_238,238,8.98,869.9449,0.072080168,1.238760772,1.166680604,0.537105448
2013.650273,1700,2013,2013_239,239,12.86,714.9681,0.508669731,1.354488452,0.845818721,0.570101225
2013.653005,1701,2013,2013_240,240,13.71,842.3374,0.629545036,1.347460514,0.717915477,0.53064531
2013.655738,1702,2013,2013_241,241,5.463,338.7409,0.474753065,1.316701931,0.841948866,0.530338335
2013.65847,1703,2013,2013_242,242,4.958,787.9361,0.481715338,1.194865834,0.713150496,0.252084641
2013.661202,1704,2013,2013_243,243,2.193,878.9483,0.24675209,0.763740129,0.516988039,0.09193569
2013.663934,1705,2013,2013_244,244,5.526,935.3642,0.266439747,0.791082523,0.524642776,0.484222588
2013.666667,1706,2013,2013_245,245,2337,1037.82,1.065758987,3.164330093,2.098571106,0.343276649
