Date,Year,Time,DOY,Year_DOY,NEE,Re,GPP,NDVI,Temp,PAR,PAR_vis,LAI,Re_mod1,Re_mod2,Re_mod3,Resid1,Resid2,Resid3,,Re params,ER1,ER2,ER3
2009.407104,2009,150,150,2009_150,-1.321381381,1.139762279,2.46114366,0.036224065,4.252,41.37161114,0,0.003483858,0.007064714,1.016009104,0.853665846,1.283003773,0.015314848,0.081851169,,R0,1.886392167,0.393546338,0.563792682
2009.409836,2009,151,151,2009_151,-1.322556472,1.76677369,3.089330162,0.571391473,8.24,36.3573201,36.3573201,0.262797344,0.570305535,1.164473768,1.088440985,1.431536045,0.362765196,0.460135259,,beta,0.017005214,0.045224643,0.018329808
2009.412568,2009,152,152,2009_152,-1.025530968,1.209572321,2.235103288,0.557925185,13.78,37.37369576,37.37369576,0.235709112,0.562053149,1.187337999,1.185115254,0.419281079,0.000494365,0.000598148,,Rx,,1.014347341,0.787695054
2009.415301,2009,153,153,2009_153,-0.766143376,1.133021016,1.899164392,0.559227338,17.79,34.18477513,34.18477513,0.238201666,0.608080033,1.223927774,1.277452557,0.275563035,0.008264039,0.02086047,,,,,
2009.418033,2009,154,154,2009_154,-1.367370874,1.418518336,2.78588921,0.571466389,17.82,24.12523809,24.12523809,0.262956436,0.67161643,1.246022233,1.297503168,0.557862457,0.029754906,0.014644671,,SSR,181.3704111,80.84533576,77.59985157
2009.420765,2009,155,155,2009_155,-1.132028836,1.587384111,2.719412947,0.570231653,17.93,45.97936245,45.97936245,0.260346597,0.666195649,1.244866783,1.298078008,0.848588182,0.11731812,0.083698021,,,,,
2009.423497,2009,156,156,2009_156,-0.700988869,1.154190683,1.855179551,0.537296918,25.19,42.01736177,42.01736177,0.199528511,0.577659491,1.259678617,1.428430012,0.332388215,0.011127704,0.07520721,,,,,
2009.42623,2009,157,157,2009_157,-0.599307311,1.195863753,1.795171064,0.471290278,16.68,29.25453991,29.25453991,0.117065745,0.293256827,1.112304114,1.159003879,0.814699263,0.006982213,0.00135865,,,,,
2009.428962,2009,158,158,2009_158,-1.294625727,1.195863753,2.49048948,0.635307863,10.14,18.34808537,18.34808537,0.440415656,0.987145973,1.288515155,1.247609892,0.043563112,0.008584282,0.002677663,,,,,
2009.431694,2009,159,159,2009_159,-1.017845803,1.174379609,2.192225412,0.569831301,15.57,50.45844852,50.45844852,0.259505953,0.637922579,1.220861893,1.242492024,0.287786145,0.002160603,0.004639301,,,,,
2009.434426,2009,160,160,2009_160,-1.274680743,1.042532732,2.317213475,0.557584459,18.3,38.64079028,38.64079028,0.235061217,0.605289888,1.225990257,1.286974215,0.191181305,0.033656663,0.059751639,,,,,
2009.437158,2009,161,161,2009_161,-1.336744667,1.054822488,2.391567155,0.600806516,12.43,28.21938788,28.21938788,0.333287914,0.776694918,1.244465424,1.225240615,0.077354945,0.035964443,0.029042338,,,,,
2009.439891,2009,162,162,2009_162,-1.934266701,0.912143321,2.846410023,0.61320102,12.62,29.87825947,29.87825947,0.368386716,0.861267503,1.270894316,1.254453847,0.002588349,0.128702276,0.117176496,,,,,
2009.442623,2009,163,163,2009_163,-1.648450314,1.014070954,2.662521269,0.576819423,11.95,54.08819762,54.08819762,0.274577016,0.634673185,1.199857532,1.173301278,0.143942667,0.034516653,0.025354296,,,,,
2009.445355,2009,164,164,2009_164,-0.203849957,0.935692226,1.139542184,0.575180685,12.2,41.17143595,41.17143595,0.27096606,0.628994985,1.199499462,1.176144202,0.094063198,0.069594258,0.057817153,,,,,
2009.448087,2009,165,165,2009_165,-1.458728255,0.936581304,2.395309559,0.651860904,9.28,8.727673018,8.727673018,0.503427337,1.111998217,1.315786324,1.270210038,0.030771093,0.143796447,0.111308132,,,,,
2009.45082,2009,166,166,2009_166,-1.772850474,0.969937087,2.742787561,0.571183718,14.95,44.90259064,44.90259064,0.26235666,0.63816631,1.217357665,1.230565566,0.110071848,0.061216942,0.067927204,,,,,
2009.453552,2009,167,167,2009_167,-1.483223055,1.06242762,2.545650675,0.58305252,16.79,57.80490304,57.80490304,0.288756744,0.724707598,1.257174502,1.293024481,0.114054813,0.037926348,0.053174912,,,,,
2009.456284,2009,168,168,2009_168,-1.391115166,1.159968822,2.551083988,0.581437509,19.18,53.76619251,53.76619251,0.285013935,0.744985071,1.281385155,1.347929524,0.172211514,0.014741926,0.035329226,,,,,
2009.459016,2009,169,169,2009_169,-1.681775294,1.203268609,2.885043904,0.646542887,12.06,22.04590952,22.04590952,0.482257811,1.116805693,1.341796102,1.321725506,0.007475836,0.019189866,0.014032037,,,,,
2009.461749,2009,170,170,2009_170,-1.997868435,1.228626594,3.226495029,0.640278,7.533,23.12110262,23.12110262,0.458458242,0.983026019,1.268006125,1.201072314,0.060319643,0.001550747,0.000759238,,,,,
2009.464481,2009,171,171,2009_171,-2.27232571,1.289451406,3.561777115,0.623576997,6.155,40.43376954,40.43376954,0.400596025,0.839063753,1.222600556,1.134596602,0.202849038,0.004469036,0.02398001,,,,,
2009.467213,2009,172,172,2009_172,-1.883761785,1.338152533,3.221914318,0.596460904,12.23,50.60596891,50.60596891,0.321790775,0.747355842,1.234526703,1.2126463,0.34904073,0.010738313,0.015751815,,,,,
2009.469945,2009,173,173,2009_173,-2.325478135,1.30189947,3.627377605,0.593581089,18.7,52.59701243,52.59701243,0.314391038,0.815092137,1.302584015,1.35945611,0.236981379,4.69E-07,0.003312767,,,,,
2009.472678,2009,174,174,2009_174,-2.336255524,1.302786653,3.639042178,0.643504009,11.32,35.14165475,35.14165475,0.470563014,1.07609605,1.323339649,1.295804766,0.051388629,0.000422426,4.87E-05,,,,,
2009.47541,2009,175,175,2009_175,-1.75718787,1.257279304,3.014467174,0.631692111,14.44,39.82543438,39.82543438,0.427737558,1.031460683,1.337782034,1.340609611,0.05099405,0.006480689,0.00694394,,,,,
2009.478142,2009,176,176,2009_176,-0.590162312,1.451766763,2.041929074,0.600679487,14.74,37.12598609,37.12598609,0.332946077,0.806983724,1.269544222,1.27798106,0.415745168,0.033205055,0.030201471,,,,,
2009.480874,2009,177,177,2009_177,-1.203621674,1.554581978,2.758203652,0.62886271,9.79,16.71685108,16.71685108,0.418071753,0.931503754,1.270518516,1.224558123,0.388226474,0.08069205,0.108915745,,,,,
2009.483607,2009,178,178,2009_178,-2.448436046,1.895157549,4.343593594,0.628236781,7.032,22.11129601,22.11129601,0.415963133,0.884341585,1.239338221,1.162838661,1.021748912,0.430098991,0.536290954,,,,,
2009.486339,2009,179,179,2009_179,-1.89123768,1.828279631,3.719517311,0.64761553,9.45,30.85708929,30.85708929,0.486454796,1.077619103,1.307871633,1.262795553,0.563491228,0.270824484,0.319772243,,,,,
2009.489071,2009,180,180,2009_180,-1.564014608,1.894458973,3.458473581,0.602068551,15.64,46.95483954,46.95483954,0.336703197,0.828676183,1.283144969,1.302060033,1.135892955,0.373704812,0.350936505,,,,,
2009.491803,2009,181,181,2009_181,-2.190271563,1.84339144,4.033663004,0.614220841,16.17,41.93732308,41.93732308,0.371434176,0.922430538,1.318064749,1.34110744,0.848168983,0.275968133,0.252289217,,,,,
2009.494536,2009,182,182,2009_182,-1.992283836,1.760119881,3.752403717,0.617168144,17.82,41.27423945,41.27423945,0.380383846,0.971537508,1.349480368,1.389282657,0.621862159,0.16862481,0.137520246,,,,,
2009.497268,2009,183,183,2009_183,-2.323836947,1.6504434,3.974280346,0.614607248,18.85,53.8667316,53.8667316,0.372595424,0.968460368,1.358271527,1.409557734,0.465100856,0.085364403,0.058025904,,,,,
2009.5,2009,184,184,2009_184,-2.351873788,1.662860081,4.014733868,0.626125066,16.9,57.63085139,57.63085139,0.408927372,1.028227559,1.3599458,1.387987163,0.402758438,0.091757061,0.075555121,,,,,
2009.502732,2009,185,185,2009_185,-2.345015975,1.755211829,4.100227804,0.634010805,18.55,53.64420746,53.64420746,0.435825063,1.127044221,1.411214497,1.451912973,0.394594544,0.118334164,0.091990196,,,,,
2009.505464,2009,186,186,2009_186,-2.180565153,1.586095729,3.766660882,0.628829496,19.05,50.90333947,50.90333947,0.417959594,1.090073266,1.403650263,1.450999009,0.246038283,0.033286348,0.018251124,,,,,
2009.508197,2009,187,187,2009_187,-1.598558141,1.560377616,3.158935757,0.624461016,19.42,44.31180499,44.31180499,0.403467069,1.058917276,1.396492673,1.449208915,0.251462473,0.026858275,0.01235848,,,,,
2009.510929,2009,188,188,2009_188,-1.277428583,1.688822384,2.966250967,0.646925761,15.62,29.35209218,29.35209218,0.48375173,1.190179438,1.400187925,1.41197125,0.248644788,0.083309851,0.07664655,,,,,
2009.513661,2009,189,189,2009_189,-0.418457053,1.643252748,2.061709801,0.660712175,17.44,25.88362279,25.88362279,0.540742183,1.372212447,1.482644912,1.50410317,0.073462845,0.025794877,0.019362605,,,,,
2009.516393,2009,190,190,2009_190,-1.067437531,1.603535291,2.670972822,0.687291878,11.72,10.28269997,10.28269997,0.670257135,1.543223409,1.462501727,1.444907239,0.003637523,0.019890466,0.025162859,,,,,
2009.519126,2009,191,191,2009_191,-1.345011973,1.553301749,2.898313722,0.70288789,11.07,16.40281586,16.40281586,0.760252555,1.731190334,1.507950084,1.489947343,0.031644349,0.002056774,0.004013781,,,,,
2009.521858,2009,192,192,2009_192,-1.481702231,1.480762019,2.96246425,0.657945584,13.46,20.63710447,20.63710447,0.528790993,1.254069994,1.396859521,1.389658368,0.051389274,0.007039629,0.008299875,,,,,
2009.52459,2009,193,193,2009_193,-1.290796596,1.744086913,3.034883509,0.635339486,23.55,50.49335203,50.49335203,0.440528179,1.24030588,1.517281018,1.595350702,0.253795329,0.051440914,0.022122461,,,,,
2009.527322,2009,194,194,2009_194,-1.439324816,1.809647655,3.248972471,0.631482315,26.56,50.34143759,50.34143759,0.427013244,1.265395013,1.572942562,1.673445579,0.296210938,0.056029301,0.018551005,,,,,
2009.530055,2009,195,195,2009_195,-2.331387312,1.675287333,4.006674645,0.632633929,26.51,49.19542004,49.19542004,0.43100432,1.276136507,1.576889989,1.675570581,0.159321382,0.009682037,8.02E-08,,,,,
2009.532787,2009,196,196,2009_196,-2.28577563,1.620395006,3.906170636,0.652423513,19.14,53.15189547,53.15189547,0.505720583,1.320981377,1.487315243,1.5236672,0.089648521,0.017710223,0.009356268,,,,,
2009.535519,2009,197,197,2009_197,-2.434639674,1.708245216,4.14288489,0.627676678,18.27,38.87531631,38.87531631,0.414085284,1.065738551,1.386673309,1.427348128,0.412814814,0.103408492,0.078903174,,,,,
2009.538251,2009,198,198,2009_198,-1.911077524,1.812689938,3.723767462,0.667313622,19.59,37.22841721,37.22841721,0.570361903,1.501273941,1.558737058,1.588475717,0.096979923,0.064492065,0.050272017,,,,,
2009.540984,2009,199,199,2009_199,-1.883244612,1.794556372,3.677800984,0.632311314,17.74,49.30645841,49.30645841,0.429882507,1.096469257,1.391722816,1.425877645,0.487325621,0.162274874,0.135924004,,,,,
2009.543716,2009,200,200,2009_200,-1.510952425,1.981149721,3.492102146,0.628865797,21.31,48.35805437,48.35805437,0.418082179,1.133114397,1.445670977,1.512471685,0.719163911,0.286737485,0.219659101,,,,,
2009.546448,2009,201,201,2009_201,-2.558738937,1.93468256,4.493421497,0.64748277,21.82,37.65298199,37.65298199,0.485933365,1.328480884,1.527368333,1.583742647,0.367480472,0.165904879,0.123158823,,,,,
2009.54918,2009,202,202,2009_202,-2.443815353,1.838894366,4.282709719,0.675871219,12.24,29.19470147,29.19470147,0.611186355,1.419715577,1.432729424,1.417065084,0.175710857,0.16496996,0.177939943,,,,,
2009.551913,2009,203,203,2009_203,-1.002260602,1.755341536,2.757602138,0.634631751,12.16,28.74313127,28.74313127,0.438016736,1.016079244,1.313104876,1.292979822,0.546508737,0.195573264,0.213778354,,,,,
2009.554645,2009,204,204,2009_204,-2.203881553,1.870636186,4.074517739,0.639783863,6.143,15.72183128,15.72183128,0.456631822,0.95623773,1.251602445,1.169704974,0.836124536,0.383202772,0.491304564,,,,,
2009.557377,2009,205,205,2009_205,-0.740567496,1.883899762,2.624467258,0.654709992,15.38,29.11116377,29.11116377,0.515148482,1.262263056,1.420794418,1.429239312,0.386432195,0.214466559,0.206716125,,,,,
2009.560109,2009,206,206,2009_206,-1.190409746,1.907138317,3.097548062,0.663973673,17.7,29.09601979,29.09601979,0.555178658,1.41508992,1.500834106,1.522546997,0.242111625,0.165083112,0.147910484,,,,,
2009.562842,2009,207,207,2009_207,-0.531504789,1.83757183,2.369076619,0.647959368,19.63,29.89635798,29.89635798,0.487807864,1.284853598,1.480785243,1.52294123,0.305497445,0.127296668,0.098992415,,,,,
2009.565574,2009,208,208,2009_208,-0.991122723,1.743515453,2.734638177,0.650368649,21.5,26.63711495,26.63711495,0.497395012,1.352436019,1.531924118,1.584063697,0.152943124,0.044770893,0.025424863,,,,,
2009.568306,2009,209,209,2009_209,-1.114913672,1.836483226,2.951396898,0.659481706,22.86,27.94745303,27.94745303,0.535393778,1.489815854,1.606806179,1.656622073,0.120178267,0.052751546,0.032350034,,,,,
2009.571038,2009,210,210,2009_210,-0.966811641,1.862635201,2.829446842,0.643845215,21.91,19.63840654,19.63840654,0.471861847,1.291986952,1.514544192,1.574503181,0.325639424,0.121167351,0.083020061,,,,,
2009.57377,2009,211,211,2009_211,-0.168346257,1.894365578,2.062711836,0.621109476,23.44,31.1358545,31.1358545,0.392689854,1.103551001,1.460441169,1.550690535,0.625387695,0.188290393,0.118112535,,,,,
2009.576503,2009,212,212,2009_212,-1.675845806,1.789511434,3.46535724,0.700309538,18.1,14.55377425,14.55377425,0.744581254,1.910809894,1.678712257,1.682547142,0.014713316,0.012276458,0.01144136,,,,,
2009.579235,2009,213,213,2009_213,-0.889437567,1.789929935,2.679367502,0.655594743,16.02,26.60171879,26.60171879,0.518843584,1.285228864,1.435731448,1.448898862,0.254723171,0.125456568,0.116302193,,,,,
2009.581967,2009,214,214,2009_214,-1.091420095,1.594389415,2.68580951,0.611850323,17.16,40.18257154,40.18257154,0.364388975,0.920297955,1.325947346,1.360225802,0.454399296,0.072061144,0.054832598,,,,,
2009.584699,2009,215,215,2009_215,-0.944410962,1.558595237,2.5030062,0.709708837,17.59,24.21206672,24.21206672,0.80331936,2.043746981,1.714779392,1.712607319,0.235372215,0.02439349,0.023719721,,,,,
2009.587432,2009,216,216,2009_216,-1.344153069,1.423857991,2.76801106,0.709463101,20.17,18.39875815,18.39875815,0.801726249,2.131174427,1.799903391,1.79424372,0.50029654,0.141410143,0.137185588,,,,,
2009.590164,2009,217,217,2009_217,-1.925797671,1.405163527,3.330961198,0.690190158,18.65,26.18814188,26.18814188,0.686135135,1.777366298,1.641981682,1.653214463,0.138534903,0.056082839,0.061529267,,,,,
2009.592896,2009,218,218,2009_218,-1.437069224,1.24706321,2.684132434,0.683483684,11.46,30.5364391,30.5364391,0.649951464,1.489869098,1.443844722,1.423913333,0.058954699,0.038722963,0.031275966,,,,,
2009.595628,2009,219,219,2009_219,-0.411007647,1.131266049,1.542273695,0.624531737,15.26,31.73627593,31.73627593,0.403697638,0.987159712,1.331136923,1.342983827,0.020766636,0.039948366,0.044824417,,,,,
2009.598361,2009,220,220,2009_220,0.108891607,1.046583388,0.93769178,0.618117348,14.79,11.15440816,11.15440816,0.383311823,0.929848837,1.30881372,1.316391254,0.013626955,0.068764747,0.072796285,,,,,
2009.601093,2009,221,221,2009_221,0.01726228,0.917291042,0.900028762,0.654800072,3.489,6.438393734,6.438393734,0.515523488,1.031923852,1.251906145,1.149559351,0.013140681,0.111967267,0.053948567,,,,,
2009.603825,2009,222,222,2009_222,-0.778703207,0.984432035,1.763135242,0.016397311,1.312,10.1555754,0,0.002968254,0.00572562,1.015586896,0.808581929,0.957866247,0.000970625,0.03092326,,,,,
2009.606557,2009,223,223,2009_223,-0.743765861,0.84010384,1.583869701,0.578935553,11.21,37.73075329,37.73075329,0.279311186,0.637542583,1.196845177,1.160771939,0.041031063,0.127264382,0.10282803,,,,,
2009.60929,2009,224,224,2009_224,-1.516087109,0.85823302,2.374320129,0.632431208,13.85,21.70814561,21.70814561,0.430299067,1.027278947,1.331151987,1.328051111,0.028576525,0.223652349,0.220729039,,,,,
2009.612022,2009,225,225,2009_225,-0.439433049,0.79799425,1.2374273,0.638222162,11.75,28.9627939,28.9627939,0.450907192,1.03871422,1.316246979,1.292313349,0.057946104,0.268585891,0.244351371,,,,,
2009.614754,2009,226,226,2009_226,0.189004393,0.732321374,0.543316981,0.602354692,15.9,26.68040967,26.68040967,0.337482398,0.834274393,1.286953667,1.308868086,0.010394418,0.30761698,0.332406112,,,,,
2009.617486,2009,227,227,2009_227,-0.411225193,0.74516105,1.156386243,0.655971239,5.967,8.99963854,8.99963854,0.520424021,1.086568795,1.282603648,1.206059988,0.116559249,0.288844546,0.212427831,,,,,
2009.620219,2009,228,228,2009_228,-0.38541238,0.775928502,1.161340882,0.649911186,8.42,19.95443771,19.95443771,0.495560269,1.078729221,1.299756563,1.245168312,0.091688275,0.274395838,0.220185999,,,,,
2009.622951,2009,229,229,2009_229,0.051078598,0.814934544,0.763855946,0.632897429,16.62329582,21.64666601,21.64666601,0.431922747,1.080949984,1.374840475,1.398548095,0.070764215,0.313494652,0.340604777,,,,,
2009.628415,2009,231,231,2009_231,-0.230034701,0.709873724,0.939908425,0.604096111,7.266308366,23.77140139,23.77140139,0.342263551,0.730560674,1.201446887,1.120372617,0.00042795,0.241644174,0.168509341,,,,,
2009.631148,2009,232,232,2009_232,-0.19995175,0.712277234,0.912228984,0.624904347,12.23557949,28.3149522,28.3149522,0.404914621,0.94049937,1.291472569,1.271417461,0.052085343,0.335467236,0.312637794,,,,,
2009.63388,2009,233,233,2009_233,0.203894643,0.714896676,0.511002032,0.565135028,13.51750136,25.23449597,25.23449597,0.249845254,0.593107607,1.195548803,1.189637441,0.014832577,0.231026467,0.225378794,,,,,
2009.636612,2009,234,234,2009_234,-0.065669014,0.68484017,0.750509184,0.604810558,13.1006162,20.31093951,20.31093951,0.344244643,0.81142946,1.259349448,1.248248498,0.016024848,0.330060911,0.317428944,,,,,
2009.639344,2009,235,235,2009_235,-0.491515732,0.737223877,1.228739608,0.556046229,11.04745678,24.39071865,24.39071865,0.232158353,0.528451041,1.164925237,1.124767208,0.043586097,0.182928453,0.150189833,,,,,
2009.642077,2009,236,236,2009_236,-1.272479833,0.648572459,1.921052292,0.57605078,8.535723683,15.72985692,15.72985692,0.272877359,0.595166006,1.172330914,1.101002491,0.002852249,0.27432292,0.204692934,,,,,
2009.647541,2009,238,238,2009_238,-2.256536761,0.499889023,2.756425784,0.599016996,7.462244392,20.95885684,20.95885684,0.32850447,0.703532171,1.195523774,1.115509324,0.041470532,0.483907707,0.378988355,,,,,
2010.420765,2010,520,155,2010_155,-0.308487942,1.329256066,1.637744008,0.296705566,6.535,44.43550697,44.43550697,0.02857088,0.06023076,1.02945761,0.906090907,1.610425226,0.089879114,0.179068752,,,,,
2010.423497,2010,521,156,2010_156,0.183870943,1.210804035,1.026933092,0.230779728,13.06,50.04891118,50.04891118,0.01677382,0.039510779,1.026263516,1.012758096,1.371927892,0.034055203,0.039222194,,,,,
2010.42623,2010,522,157,2010_157,-0.31845559,1.070198859,1.388654449,0.544945605,20.33,54.84819234,54.84819234,0.212245904,0.56573605,1.22382269,1.317092301,0.254482725,0.023600281,0.060956372,,,,,
2010.428962,2010,523,158,2010_158,-0.382029343,1.129729909,1.511759252,0.548035054,18.14,58.05050708,58.05050708,0.217609685,0.558829101,1.208864736,1.269485252,0.325927732,0.006262321,0.019531556,,,,,
2010.431694,2010,524,159,2010_159,-0.685754825,1.231876168,1.917630993,0.546286384,21.38,50.77228065,50.77228065,0.21455728,0.582200166,1.23640191,1.344615315,0.422078907,2.05E-05,0.012710115,,,,,
2010.434426,2010,525,160,2010_160,-0.374811116,1.270944806,1.645755921,0.565914723,20.16,50.09171407,50.09171407,0.251423898,0.668229426,1.260588826,1.344957428,0.363265829,0.000107246,0.005477868,,,,,
2010.437158,2010,526,161,2010_161,-0.561284195,1.308438242,1.869722437,0.592302035,22.04,43.25606559,43.25606559,0.311159292,0.853858929,1.346136484,1.44255558,0.206642352,0.001421157,0.01798746,,,,,
2010.439891,2010,527,162,2010_162,-0.971596508,1.306887339,2.278483847,0.697698837,18.03,23.41942025,23.41942025,0.729042449,1.868707078,1.662791454,1.668197939,0.31564142,0.126667739,0.130545349,,,,,
2010.442623,2010,528,163,2010_163,-1.273592883,1.457371357,2.73096424,0.585094584,18.5,58.42940704,58.42940704,0.293559699,0.758500594,1.281062286,1.337995853,0.488420343,0.031084889,0.014250511,,,,,
2010.445355,2010,529,164,2010_164,-1.09664788,1.509992954,2.606640834,0.584412015,14.55,59.96266864,59.96266864,0.291945466,0.705325212,1.236203475,1.243356891,0.647490176,0.074960679,0.07109479,,,,,
2010.448087,2010,530,165,2010_165,-0.889666073,1.394697173,2.284363246,0.592031747,15.73,59.0955268,59.0955268,0.310480627,0.765308961,1.263221825,1.284484933,0.396129521,0.017285767,0.012146738,,,,,
2010.45082,2010,531,166,2010_166,-0.62777645,1.183352797,1.811129247,0.624080382,16.69,30.89213608,30.89213608,0.402228363,1.00777793,1.351071082,1.377526199,0.030826534,0.028129423,0.03770331,,,,,
2010.453552,2010,532,167,2010_167,-0.949425315,1.085865845,2.03529116,0.606609358,8.52,16.38527096,16.38527096,0.349283468,0.761609795,1.216422828,1.151043538,0.105141986,0.017045126,0.004248132,,,,,
2010.456284,2010,533,168,2010_168,-1.483558456,0.966078118,2.449636574,0.567144411,17.42,36.0973314,36.0973314,0.253933936,0.644175412,1.234062279,1.28102443,0.103621352,0.07181551,0.099191179,,,,,
2010.459016,2010,534,169,2010_169,-1.530752735,1.022605595,2.553358329,0.640701375,13.22,42.59133769,42.59133769,0.460028923,1.08655171,1.343526675,1.334160783,0.004089106,0.102990339,0.097066635,,,,,
2010.461749,2010,535,170,2010_170,-1.599407255,1.023440932,2.622848187,0.655029946,10.27,40.58771585,40.58771585,0.5164817,1.160202114,1.337763686,1.30235476,0.018703621,0.098798794,0.077792923,,,,,
2010.464481,2010,536,171,2010_171,-1.614652048,1.021099469,2.635751517,0.618952508,15,50.2862144,50.2862144,0.385906646,0.939492467,1.313636048,1.323394057,0.006659703,0.08557765,0.091382018,,,,,
2010.467213,2010,537,172,2010_172,-2.031620253,0.899784249,2.931404502,0.602948201,15.6,61.73594393,61.73594393,0.339104357,0.834018293,1.284572592,1.302907598,0.004325161,0.148062069,0.162508435,,,,,
2010.469945,2010,538,173,2010_173,-1.752975267,1.085078556,2.838053823,0.641033935,11.46,45.54737829,45.54737829,0.461266461,1.057350716,1.319158927,1.292667797,0.000768833,0.05479362,0.043093293,,,,,
2010.472678,2010,539,174,2010_174,-2.010153379,1.390444121,3.4005975,0.603570206,14.28,60.96481436,60.96481436,0.340812557,0.819613753,1.270195487,1.273012834,0.325847309,0.014459734,0.013790107,,,,,
2010.47541,2010,540,175,2010_175,-2.015854878,1.099633056,3.115487934,0.617839957,13.42,61.32656172,61.32656172,0.382453841,0.90640302,1.290503424,1.283127235,0.037337847,0.036431497,0.033670114,,,,,
2010.478142,2010,541,176,2010_176,-1.968844623,1.073569102,3.042413725,0.618575646,13.25,56.54465207,56.54465207,0.384733577,0.909173797,1.290021932,1.280773778,0.027025816,0.046851828,0.042933778,,,,,
2010.480874,2010,542,177,2010_177,-2.212138272,1.132054866,3.344193138,0.687464576,9.13,38.71517598,38.71517598,0.671192868,1.478791135,1.413522799,1.378537887,0.12022604,0.079224197,0.06075388,,,,,
2010.483607,2010,543,178,2010_178,-1.546503949,1.039724085,2.586228034,0.630872329,10.04,44.74014809,44.74014809,0.424914249,0.950782974,1.277671638,1.234819699,0.007910521,0.056619038,0.038062299,,,,,
2010.486339,2010,544,179,2010_179,-1.568843294,1.096582785,2.665426079,0.609319434,18.83,59.97071992,59.97071992,0.357014583,0.927646663,1.343591699,1.396635793,0.028539413,0.061013404,0.090031807,,,,,
2010.489071,2010,545,180,2010_180,-1.804374357,1.339423962,3.143798319,0.619474746,20.03,53.56261077,53.56261077,0.387538146,1.027716698,1.391672548,1.452539225,0.097161418,0.002729915,0.012795063,,,,,
2010.491803,2010,546,181,2010_181,-2.182695654,1.161567911,3.344263564,0.698370925,12.68,22.63292644,22.63292644,0.733011425,1.715489088,1.526208445,1.515195498,0.306828671,0.132962719,0.12505247,,,,,
2010.494536,2010,547,182,2010_182,-2.280750206,1.254886717,3.535636923,0.624244922,18.21,44.95996444,44.95996444,0.402763362,1.035542006,1.375511827,1.416866681,0.048112102,0.014550417,0.026237509,,,,,
2010.5,2010,549,184,2010_184,-2.043388208,1.777831433,3.821219641,0.745759065,9.33,13.07633102,13.07633102,1.074893536,2.376304065,1.659422196,1.653654874,0.358169491,0.014020748,0.015419818,,,,,
2010.502732,2010,550,185,2010_185,-0.201025011,1.836938968,2.037963979,0.651546915,17.71,53.60603783,53.60603783,0.502152013,1.280148453,1.454567456,1.481464758,0.310015678,0.146207973,0.126361914,,,,,
2010.505464,2010,551,186,2010_186,-0.854359968,1.960697429,2.815057398,0.691687395,11.92,8.867558575,8.867558575,0.69448442,1.604452697,1.482919925,1.467208643,0.126910309,0.228271343,0.243531182,,,,,
2010.508197,2010,552,187,2010_187,-0.541487271,1.662475401,2.203962672,0.592726448,9.57,22.93002917,22.93002917,0.312227944,0.693075893,1.203769257,1.148513984,0.939735406,0.210411326,0.264156339,,,,,
2010.510929,2010,553,188,2010_188,-1.600959258,1.714224584,3.315183843,0.699150628,11.95,14.18219931,14.18219931,0.737642997,1.705030657,1.512714959,1.498306767,8.45E-05,0.040606129,0.046620504,,,,,
2010.513661,2010,554,189,2010_189,-1.080950662,1.859558337,2.940508999,0.667651923,23.35,47.03169453,47.03169453,0.571922776,1.604779788,1.661409872,1.703164478,0.064912109,0.039262814,0.024459039,,,,,
2010.516393,2010,555,190,2010_190,-2.087204523,1.958832551,4.046037073,0.64089491,25.85,50.27407303,50.27407303,0.46074871,1.348979527,1.598027621,1.68235641,0.371920711,0.130180197,0.076439057,,,,,
2010.519126,2010,556,191,2010_191,-1.427486606,1.954801397,3.382288003,0.679328185,17.12,46.48725812,46.48725812,0.628495157,1.586243127,1.550821158,1.563018616,0.135835199,0.163200034,0.153493748,,,,,
2010.521858,2010,557,192,2010_192,-1.915256693,1.962974506,3.878231199,0.677702072,16.78,29.30673923,29.30673923,0.620293091,1.556516646,1.535740901,1.547018401,0.165207992,0.182528553,0.173019481,,,,,
2010.52459,2010,558,193,2010_193,-2.45409457,1.962974506,4.417069076,0.678336847,9.68,27.16694295,27.16694295,0.623482063,1.386581393,1.394486763,1.360384384,0.332229021,0.323178314,0.363114855,,,,,
2010.527322,2010,559,194,2010_194,-1.961994854,2.004856954,3.966851808,0.689712253,12.53,34.82995758,34.82995758,0.683491307,1.59552062,1.488401825,1.475907786,0.167556234,0.2667259,0.279787222,,,,,
2010.530055,2010,560,195,2010_195,-2.003042279,2.499940722,4.502983001,0.739823334,7.427,21.90164152,21.90164152,1.024567943,2.192921841,1.578516002,1.564456068,0.094260593,0.849023514,0.875131538,,,,,
2010.532787,2010,561,196,2010_196,-1.165808131,2.312321651,3.478129782,0.711550838,10.92,26.72173188,26.72173188,0.815362321,1.851952221,1.540151713,1.523812105,0.211940012,0.596246414,0.621747305,,,,,
2010.538251,2010,563,198,2010_198,-1.066352534,1.840831485,2.90718402,0.757742796,12.83,14.79779624,14.79779624,1.18415542,2.778393243,1.846870291,1.841154051,0.879022049,3.65E-05,1.04E-07,,,,,
2010.540984,2010,564,199,2010_199,-0.585537159,1.815315047,2.400852206,0.67694742,16.24,23.74108714,23.74108714,0.616523098,1.532915204,1.520069556,1.52891894,0.079749671,0.0871699,0.08202273,,,,,
2010.543716,2010,565,200,2010_200,-1.527922073,1.807026513,3.334948586,0.66867068,10.03,11.78909874,11.78909874,0.576649021,1.290083463,1.371541863,1.337406541,0.267230117,0.18964688,0.220542918,,,,,
2010.546448,2010,566,201,2010_201,-1.805694187,1.70956616,3.515260347,0.712235873,13.68,28.97575603,28.97575603,0.819886977,1.951715338,1.613360257,1.606163448,0.058636224,0.009255576,0.010692121,,,,,
2010.54918,2010,567,202,2010_202,-1.282287581,1.652443347,2.934730928,0.678936881,16.75,29.75865299,29.75865299,0.626511576,1.57131902,1.540253908,1.550933817,0.006581156,0.01258647,0.010304185,,,,,
2010.551913,2010,568,203,2010_203,-2.093927849,1.68183996,3.775767809,0.736043094,17.92,23.79995035,23.79995035,0.993752688,2.5424613,1.893850821,1.872110878,0.740669091,0.044948605,0.036203022,,,,,
2010.554645,2010,569,204,2010_204,-1.954878846,1.511843421,3.466722268,0.672172022,15.81,39.6727253,39.6727253,0.593192336,1.46416036,1.491560776,1.499340279,0.002273674,0.000411386,0.000156329,,,,,
2010.557377,2010,570,205,2010_205,-1.305241585,1.522232528,2.827474114,0.691892058,16.49,27.02858194,27.02858194,0.695633581,1.736983273,1.59145046,1.596283628,0.046117882,0.004791122,0.005483565,,,,,
2010.560109,2010,571,206,2010_206,-1.957217967,1.585062892,3.542280859,0.682086928,19.05,40.71529117,40.71529117,0.642659012,1.676107974,1.612943556,1.630625159,0.008289207,0.000777331,0.00207592,,,,,
2010.562842,2010,572,207,2010_207,-1.692909073,1.755701111,3.448610184,0.718060476,20.6,26.50029452,26.50029452,0.859387038,2.301215861,1.872936545,1.855864281,0.297586342,0.013744147,0.010032661,,,,,
2010.565574,2010,573,208,2010_208,-1.265553944,1.74462893,3.010182875,0.71036529,19.45,32.14808913,32.14808913,0.807590697,2.120639303,1.780298358,1.775442403,0.1413838,0.001272308,0.00094947,,,,,
2010.568306,2010,574,209,2010_209,-0.131321353,1.674854276,1.80617563,0.710844684,16.61,23.56008774,23.56008774,0.810724308,2.028497724,1.690590641,1.6877787,0.125063688,0.000247633,0.000167041,,,,,
2010.571038,2010,575,210,2010_210,-1.46672168,1.697230619,3.163952298,0.689958644,12.57,9.189797484,9.189797484,0.684853097,1.599787359,1.490206377,1.477957011,0.009495189,0.042859037,0.048080915,,,,,
2010.57377,2010,576,211,2010_211,-1.376600939,1.583386108,2.959987047,0.678767723,17.63,27.1347731,27.1347731,0.625656027,1.592831876,1.56085851,1.575487231,8.92E-05,0.000507493,6.24E-05,,,,,
2010.576503,2010,577,212,2010_212,-1.381602986,1.710927818,3.092530804,0.683260263,20.28,37.85309556,37.85309556,0.648779449,1.727835362,1.653211684,1.672810525,0.000285865,0.003331152,0.001452928,,,,,
2010.579235,2010,578,213,2010_213,-0.332555295,1.754042279,2.086597574,0.710609873,22.24,28.27539504,28.27539504,0.809187924,2.228074954,1.885024098,1.869954296,0.224706977,0.017156237,0.013435596,,,,,
2010.581967,2010,579,214,2010_214,-1.348051271,1.801499196,3.149550468,0.694894452,25.45,28.17160481,28.17160481,0.712711918,2.072531517,1.901030764,1.896558243,0.073458519,0.009906533,0.009036222,,,,,
2010.584699,2010,580,215,2010_215,-1.266795395,1.886396852,3.153192246,0.665325248,22.21,42.09230559,42.09230559,0.561273549,1.544661853,1.617452314,1.658923731,0.11678281,0.072331165,0.051744021,,,,,
2010.587432,2010,581,216,2010_216,-0.35662479,1.697053054,2.053677844,0.650384006,23.75,34.14366922,34.14366922,0.497456721,1.405359603,1.587434251,1.650813414,0.085085069,0.012016282,0.002138104,,,,,
2010.590164,2010,582,217,2010_217,0.607024277,1.717298267,1.110273989,0.720980097,16.44,8.277664743,8.277664743,0.879897095,2.195218316,1.742668163,1.735241643,0.228407573,0.000643632,0.000321965,,,,,
2010.592896,2010,583,218,2010_218,-0.668023046,1.680969877,2.348992923,0.671452208,9.15,4.579324375,4.579324375,0.589753007,1.29980252,1.36540583,1.324743907,0.145288554,0.099580668,0.126896942,,,,,
2010.595628,2010,584,219,2010_219,-0.354544444,1.645657249,2.000201694,0.664996337,9.84,20.25474049,20.25474049,0.559784201,1.24831355,1.358128533,1.321369289,0.157882015,0.082672762,0.105162681,,,,,
2010.598361,2010,585,220,2010_220,-1.049620094,1.540652637,2.590272731,0.706485946,9.6,13.38060042,13.38060042,0.78267447,1.738248049,1.489823613,1.465410498,0.039043947,0.00258359,0.005661379,,,,,
2010.601093,2010,586,221,2010_221,-0.469650926,1.562912786,2.032563712,0.704852127,10.37,18.86650539,18.86650539,0.772412229,1.738066472,1.500217524,1.479242869,0.030678814,0.003930696,0.007000655,,,,,
2010.603825,2010,587,222,2010_222,-1.737869322,1.548802882,3.286672204,0.736517062,8.42,14.86786696,14.86786696,0.997564918,2.171486485,1.588877312,1.575427472,0.387734869,0.00160596,0.000708869,,,,,
2010.606557,2010,588,223,2010_223,-0.886838326,1.592876831,2.479715157,0.659997878,13.89,27.53162031,27.53162031,0.53763092,1.284392118,1.410890998,1.407083628,0.095162818,0.033118844,0.034519114,,,,,
2010.60929,2010,589,224,2010_224,-0.979815589,1.622301512,2.602117101,0.665365372,16.95,25.2495899,25.2495899,0.561455506,1.412952841,1.489926705,1.506587494,0.043826866,0.017523089,0.013389734,,,,,
2010.612022,2010,590,225,2010_225,-1.267724816,1.622301512,2.890026328,0.740466368,14.97,22.40704894,22.40704894,1.029904034,2.506029881,1.812003286,1.800385777,0.78097583,0.035986763,0.031714005,,,,,
2010.614754,2010,591,226,2010_226,-1.09395167,1.618463076,2.712414746,0.640868171,17.85,31.66983035,31.66983035,0.460649196,1.177143431,1.420748284,1.452815518,0.194763029,0.039091139,0.027439113,,,,,
2010.617486,2010,592,227,2010_227,-0.177997408,1.567235125,1.745232534,0.667383127,26.72,34.20177279,34.20177279,0.570682241,1.695745896,1.766303912,1.810547377,0.016515018,0.039628382,0.059200852,,,,,
2010.620219,2010,593,228,2010_228,0.162623105,1.572875615,1.410252509,0.647932239,20.49,27.572045,27.572045,0.48770097,1.30349629,1.499177642,1.547050799,0.072565221,0.005431391,0.000666921,,,,,
2010.622951,2010,594,229,2010_229,-0.804679577,1.579559005,2.384238582,0.754513311,17.94,14.89772598,14.89772598,1.153661787,2.952583902,2.03629951,1.998055059,1.885197367,0.208611889,0.175138948,,,,,
2010.625683,2010,595,230,2010_230,0.493559682,1.585407064,1.091847381,0.645382442,15.81,19.95478842,19.95478842,0.477758047,1.179237073,1.398695797,1.412382124,0.164974062,0.034861097,0.02993763,,,,,
2010.628415,2010,596,231,2010_231,0.077365972,1.49500588,1.417639907,0.454586837,11.07,3.995907561,3.995907561,0.102288811,0.23292444,1.080759532,1.035540867,1.592849561,0.171600037,0.211108099,,,,,
2010.631148,2010,597,232,2010_232,-0.334993627,1.390965205,1.725958832,0.597320035,7.584,9.464633784,9.464633784,0.324031873,0.695391868,1.194043806,1.11510396,0.483822267,0.038778037,0.076099426,,,,,
2010.63388,2010,598,233,2010_233,-0.299554641,1.329117947,1.628672587,0.674128618,9.286116974,18.4518453,18.4518453,0.602642806,1.33128932,1.375293762,1.336668917,4.71E-06,0.002132206,5.70E-05,,,,,
2010.636612,2010,599,234,2010_234,-1.447405735,1.283775989,2.731181725,0.716740048,7.194395676,13.17423672,13.17423672,0.850268834,1.812678586,1.477640532,1.445679355,0.279737957,0.037583461,0.0262127,,,,,
2010.639344,2010,600,235,2010_235,-0.894992012,1.029023845,1.924015858,0.664748577,9.661313619,28.08997285,28.08997285,0.558664925,1.242037779,1.354679772,1.316295209,0.045374936,0.106051783,0.082524837,,,,,
2010.642077,2010,601,236,2010_236,-0.915870809,1.013930304,1.929801113,0.694264909,9.359071877,26.22085823,26.22085823,0.709096525,1.568399229,1.440456642,1.409707345,0.307435789,0.181924717,0.156639466,,,,,
2010.644809,2010,602,237,2010_237,-0.785624232,1.085453479,1.871077711,0.594238151,14.38253807,30.04031798,30.04031798,0.316064245,0.761423523,1.25271975,1.257245965,0.104995412,0.027978006,0.029512658,,,,,
2010.647541,2010,603,238,2010_238,-0.543530596,1.018252081,1.561782677,0.591737458,13.44454646,27.59826362,27.59826362,0.309743381,0.734388104,1.238250249,1.231255094,0.080578757,0.048399194,0.045370284,,,,,
2010.650273,2010,604,239,2010_239,-0.458052468,1.024148604,1.482201072,0.57080979,14.38253807,29.28270616,29.28270616,0.261565354,0.630131425,1.211617246,1.217251509,0.155249537,0.035144492,0.037288732,,,,,
2010.653005,2010,605,240,2010_240,-0.484353873,0.914356362,1.398710235,0.580402796,14.22620614,29.57263195,29.57263195,0.282641512,0.679097786,1.226010892,1.229191079,0.055346598,0.097128546,0.099120899,,,,,
2010.655738,2010,606,241,2010_241,-0.383594662,0.948033567,1.331628229,0.582929866,12.47528846,29.63589161,29.63589161,0.288470775,0.672770884,1.213929863,1.194498655,0.075769545,0.07070084,0.060745039,,,,,
2010.65847,2010,607,242,2010_242,-0.115738025,0.819468677,0.935206702,0.550182327,13.09019407,30.01465455,30.01465455,0.22141734,0.521817019,1.171857859,1.159982374,0.088596509,0.124178136,0.115949578,,,,,
2010.661202,2010,608,243,2010_243,-0.440387,0.713303708,1.153690708,0.640180001,8.546145812,24.56886207,24.56886207,0.45809544,0.999317639,1.27968879,1.223346313,0.081803969,0.320792062,0.260143459,,,,,
2010.663934,2010,609,244,2010_244,-0.100595895,0.735916016,0.836511912,0.537944661,12.60035401,23.92283207,23.92283207,0.200575313,0.468777206,1.153905281,1.134810369,0.071363144,0.174715026,0.159116705,,,,,
2010.666667,2010,610,245,2010_245,-0.063190289,0.728918183,0.792108472,0.51791188,13.46539072,25.48320128,25.48320128,0.170606372,0.404643704,1.137789169,1.131320967,0.105153938,0.167175483,0.161928001,,,,,
2010.669399,2010,611,246,2010_246,0.066533323,0.66698174,0.600448417,0.495725092,15.44559524,23.16552466,23.16552466,0.142611971,0.34983066,1.127201068,1.152190437,0.100584808,0.21180183,0.23542748,,,,,
2010.672131,2010,612,247,2010_247,0.195484391,0.667618974,0.472134583,0.617575367,19.12460679,14.60526455,14.60526455,0.381637243,0.99660516,1.371019699,1.423908594,0.108231911,0.494772579,0.57197399,,,,,
2010.674863,2010,613,248,2010_248,0.185836323,0.620141935,0.434305612,0.654083861,17.66550872,9.463346941,9.463346941,0.512549401,1.30566655,1.462779304,1.488360553,0.469943998,0.710037736,0.753803569,,,,,
2010.677596,2010,614,249,2010_249,0.100207865,0.528195276,0.427987412,0.577354587,21.22987685,27.27606695,27.27606695,0.275766641,0.746383621,1.297819001,1.391846253,0.047606154,0.592320679,0.74589301,,,,,
2010.680328,2010,615,250,2010_250,-0.053356374,0.46597007,0.519326445,0.531300875,16.30020982,13.13854929,13.13854929,0.190094117,0.473131783,1.170703116,1.206473285,5.13E-05,0.496648666,0.548345012,,,,,
2011.398907,2011,877,147,2011_147,0.02784408,0.42706958,0.3992255,0.006837916,16.85258266,54.48059432,0,0.002747661,0.00690329,1.016664509,1.074897226,0.176539712,0.34762218,0.419680659,,,,,
2011.401639,2011,878,148,2011_148,-0.415685946,0.432503093,0.848189039,0.283261994,17.36326698,54.9727333,54.9727333,0.025630596,0.064956576,1.036467247,1.102742157,0.135090442,0.364772699,0.449220403,,,,,
2011.404372,2011,879,149,2011_149,-0.460244083,0.494688196,0.954932279,0.504557903,14.04902994,52.35689752,52.35689752,0.153159759,0.366887189,1.128129697,1.130763493,0.016333097,0.401248135,0.404591783,,,,,
2011.407104,2011,880,150,2011_150,-0.127787277,0.441956299,0.569743576,0.511772039,11.82,49.68004363,49.68004363,0.162350813,0.374438375,1.123392089,1.091929646,0.00455867,0.464354736,0.422465352,,,,,
2011.409836,2011,881,151,2011_151,-0.059641546,0.456312047,0.515953593,0.516674562,5.802,15.85467706,15.85467706,0.168909583,0.351670237,1.100765729,0.981998567,0.010949908,0.415320549,0.276346317,,,,,
2011.412568,2011,882,152,2011_152,-0.050727049,0.505876127,0.556603176,0.57162581,2.684,33.04968701,33.04968701,0.263295303,0.519872879,1.131339008,0.983346149,0.000195909,0.391203816,0.227977622,,,,,
2011.415301,2011,883,153,2011_153,-0.453991411,0.492269805,0.946261216,0.547839085,4.856,50.44859805,50.44859805,0.21726546,0.445128651,1.120850467,0.994918099,0.002222288,0.395113648,0.252655307,,,,,
2011.418033,2011,884,154,2011_154,-0.899358169,0.436035093,1.335393263,0.535701915,13.88,47.7427297,47.7427297,0.196974095,0.470488114,1.159565015,1.159124174,0.001187011,0.523495548,0.522857819,,,,,
2011.420765,2011,885,155,2011_155,-0.68635269,0.484122617,1.170475307,0.544535809,12.17,43.8596264,43.8596264,0.211544435,0.490808791,1.158700461,1.133623701,4.47E-05,0.455055268,0.421851658,,,,,
2011.423497,2011,886,156,2011_156,-0.925298607,0.48436666,1.409665267,0.557642997,14.2,42.60887481,42.60887481,0.235172401,0.564792839,1.190253795,1.193881542,0.00646837,0.498276648,0.503411368,,,,,
2011.42623,2011,887,157,2011_157,-0.717234305,0.474662238,1.191896542,0.537375033,12.38,39.66078616,39.66078616,0.19965446,0.464879775,1.151887068,1.129584642,9.57E-05,0.458633471,0.428923355,,,,,
2011.428962,2011,888,158,2011_158,-0.383395685,0.524945744,0.908341429,0.542079001,10.31,52.42662732,52.42662732,0.207387337,0.466182922,1.144446621,1.092794704,0.003453069,0.383781337,0.322452442,,,,,
2011.431694,2011,889,159,2011_159,-0.744161101,0.559943477,1.304104578,0.58841509,4.839,43.21944162,43.21944162,0.30154072,0.617611362,1.162048444,1.046528827,0.003325585,0.362530391,0.236765303,,,,,
2011.434426,2011,890,160,2011_160,-0.851312715,0.44640714,1.297719855,0.564477344,8.32,50.11856022,50.11856022,0.248521354,0.540058924,1.156832999,1.08066353,0.008770657,0.504704901,0.402281168,,,,,
2011.437158,2011,891,161,2011_161,-0.577919032,0.497757123,1.075676155,0.568828895,9.62,50.77563354,50.77563354,0.257413028,0.571885139,1.170867767,1.112703402,0.005494963,0.453077939,0.378158926,,,,,
2011.439891,2011,892,162,2011_162,-0.826214659,0.538339828,1.364554487,0.566655129,8.77,51.12361755,51.12361755,0.252932227,0.553866343,1.16234334,1.092534657,0.000241073,0.389380383,0.307131909,,,,,
2011.442623,2011,893,163,2011_163,-0.608383671,0.499196407,1.107580078,0.576745862,1.617,29.93529026,29.93529026,0.274413898,0.53208384,1.130535314,0.970757969,0.001081583,0.398588815,0.222370307,,,,,
2011.445355,2011,894,164,2011_164,-0.883989164,0.594131986,1.47812115,0.619136542,3.142,22.3832262,22.3832262,0.386480793,0.769067432,1.189668861,1.065204485,0.03060241,0.354664169,0.2219093,,,,,
2011.448087,2011,895,165,2011_165,-0.931571411,0.857865747,1.789437159,0.554184529,12.69,39.68373864,39.68373864,0.228692962,0.535308165,1.174115633,1.156680651,0.104043393,0.10001399,0.089290347,,,,,
2011.45082,2011,896,166,2011_166,-0.961105915,0.977043676,1.938149592,0.5615957,14.62,38.84788034,38.84788034,0.242802896,0.587297976,1.199443934,1.20873226,0.15190171,0.049461875,0.0536796,,,,,
2011.453552,2011,897,167,2011_167,-0.73980313,1.238826185,1.978629315,0.559627053,15.93,42.60107993,42.60107993,0.238972066,0.59105308,1.207642584,1.235215498,0.419609996,0.000972417,1.30E-05,,,,,
2011.456284,2011,898,168,2011_168,-1.159040867,1.380290453,2.53933132,0.557226152,16.99,44.82571197,44.82571197,0.234381814,0.590244085,1.213239289,1.255916404,0.624173263,0.027906092,0.015468904,,,,,
2011.459016,2011,899,169,2011_169,-1.206109461,1.366459917,2.572569378,0.571778082,16.37,49.26535614,49.26535614,0.263619381,0.656910496,1.2318644,1.263976646,0.503460381,0.018115953,0.010502821,,,,,
2011.461749,2011,900,170,2011_170,-1.362639825,1.257515972,2.620155797,0.560991815,18.53,57.15439637,57.15439637,0.2416213,0.624620547,1.234171469,1.29760579,0.400556619,0.000544966,0.001607194,,,,,
2011.464481,2011,901,171,2011_171,-1.556927747,1.285604327,2.842532074,0.582886451,18.76,48.12664864,48.12664864,0.288369621,0.748392054,1.279445697,1.34026064,0.288597026,3.79E-05,0.002987313,,,,,
2011.467213,2011,902,172,2011_172,-1.381520587,1.082050856,2.463571443,0.585285046,16.11,31.07635065,31.07635065,0.29401172,0.729412729,1.254105844,1.280988371,0.124353648,0.029602919,0.039576135,,,,,
2011.469945,2011,903,173,2011_173,-1.85535237,1.184388577,3.039740947,0.584054957,19.37,38.20503438,38.20503438,0.291104586,0.763367602,1.289445365,1.357529641,0.177258662,0.011036929,0.029977828,,,,,
2011.472678,2011,904,174,2011_174,-1.816546187,1.32584782,3.142394007,0.587276319,14.54,33.11798636,33.11798636,0.298779467,0.721713066,1.241294132,1.24815869,0.364978801,0.007149326,0.006035601,,,,,
2011.47541,2011,905,175,2011_175,-1.441315065,1.319769638,2.761084703,0.596828576,20.02,37.93346351,37.93346351,0.322747967,0.85575337,1.328447726,1.399550197,0.215311097,7.53E-05,0.006364938,,,,,
2011.478142,2011,906,176,2011_176,-2.405373207,1.301922965,3.707296172,0.591106708,20.52,53.10995394,53.10995394,0.308169133,0.824075256,1.321118478,1.400463189,0.228338433,0.000368468,0.009710176,,,,,
2011.480874,2011,907,177,2011_177,-1.422876104,1.284387271,2.707263375,0.607678727,27.61,55.80444044,55.80444044,0.352313888,1.062842886,1.497638096,1.636105459,0.049081914,0.045475914,0.123705684,,,,,
2011.483607,2011,908,178,2011_178,-2.505437262,1.227563911,3.733001174,0.594853358,23.02,44.53114775,44.53114775,0.317638939,0.886287557,1.368394513,1.474273511,0.11646955,0.019833258,0.060865627,,,,,
2011.486339,2011,909,179,2011_179,-1.947071894,1.182193135,3.12926503,0.607985262,18.14,51.35559662,51.35559662,0.353187397,0.906997296,1.330055222,1.376074115,0.07573275,0.021863197,0.037589834,,,,,
2011.489071,2011,910,180,2011_180,-1.860303223,1.092131082,2.952434305,0.641315261,3.625,23.88488195,23.88488195,0.462315944,0.92756096,1.228701885,1.120369637,0.027083325,0.018651584,0.000797416,,,,,
2011.491803,2011,911,181,2011_181,-1.880217139,1.093285091,2.973502229,0.666597435,5.103,24.74280909,24.74280909,0.56707156,1.166693793,1.295447319,1.215988366,0.005388838,0.040869567,0.015056094,,,,,
2011.494536,2011,912,182,2011_182,-1.981639687,1.177050757,3.158690445,0.663605256,9.98,24.17436275,24.17436275,0.553528801,1.237306254,1.356446032,1.320529825,0.003630725,0.032182665,0.020586243,,,,,
2011.497268,2011,913,183,2011_183,-2.650734494,1.169292934,3.820027428,0.618851354,19.56,54.31842969,54.31842969,0.38559143,1.01441404,1.381881367,1.438508501,0.023987472,0.045193842,0.072477022,,,,,
2011.5,2011,914,184,2011_184,-0.797437401,1.365925466,2.163362868,0.643982346,17.81,44.34882068,44.34882068,0.472384858,1.20631193,1.430348676,1.46092145,0.025476481,0.00415035,0.009024237,,,,,
2011.502732,2011,915,185,2011_185,-1.869627153,1.566042586,3.43566974,0.625686661,6.912,10.05785263,10.05785263,0.40748169,0.864543945,1.233557801,1.154856062,0.492100343,0.110546132,0.169074358,,,,,
2011.505464,2011,916,186,2011_186,-2.37315133,1.759613787,4.132765117,0.617740861,18.58,43.19538771,43.19538771,0.382147799,0.988739025,1.362807833,1.410169725,0.594247899,0.157454965,0.122111152,,,,,
2011.508197,2011,917,187,2011_187,-2.543691637,1.767343626,4.311035263,0.630510415,21.04,50.34386135,50.34386135,0.423673762,1.143008995,1.446134927,1.509640887,0.389793731,0.103175029,0.066410702,,,,,
2011.510929,2011,918,188,2011_188,-2.823778689,1.849350747,4.673129435,0.631203235,20.58,45.68320715,45.68320715,0.426051631,1.140467954,1.439618607,1.498920491,0.502514814,0.167880426,0.122801364,,,,,
2011.513661,2011,919,189,2011_189,-2.856134475,1.864396742,4.720531217,0.642632784,15.86,35.51904173,35.51904173,0.467262811,1.15431302,1.391103524,1.405763705,0.504218892,0.22400647,0.210344262,,,,,
2011.516393,2011,920,190,2011_190,-2.986617776,1.800372285,4.786990061,0.65271157,14.91,49.17962549,49.17962549,0.506898771,1.232161424,1.405874269,1.410866353,0.322863582,0.155628685,0.151714871,,,,,
2011.519126,2011,921,191,2011_191,-2.716577334,2.135257486,4.85183482,0.640853256,14.07,44.61136706,44.61136706,0.460593697,1.103724627,1.356846971,1.35552233,1.064060039,0.605922931,0.607986914,,,,,
2011.521858,2011,922,192,2011_192,-1.490559825,2.022138233,3.512698058,0.679426087,15.51,22.93718261,22.93718261,0.628992419,1.544624585,1.513542422,1.517938897,0.228019284,0.258669699,0.25421697,,,,,
2011.52459,2011,923,193,2011_193,-0.63410218,2.092306107,2.726408288,0.721856247,19.07,21.89137044,21.89137044,0.886146924,2.311930796,1.84048404,1.82594021,0.048235004,0.063414354,0.070950791,,,,,
2011.527322,2011,924,194,2011_194,-1.882348062,1.958801364,3.841149426,0.634049933,13.27,11.43352244,11.43352244,0.435962844,1.03058544,1.327012106,1.318079509,0.861584801,0.399157667,0.410524495,,,,,
2011.530055,2011,925,195,2011_195,-2.881226112,1.930455454,4.811681566,0.711740801,14.57,26.56831961,26.56831961,0.816614518,1.973569726,1.635473212,1.630170747,0.00185884,0.087014523,0.090170905,,,,,
2011.532787,2011,926,196,2011_196,-1.676463332,1.8998481,3.576311432,0.652767371,18.67,37.83046995,37.83046995,0.507127321,1.314110834,1.478656086,1.511713922,0.343088145,0.177402712,0.15064814,,,,,
2011.535519,2011,927,197,2011_197,-2.548490035,1.839339248,4.387829283,0.664170743,17.27,22.04414915,22.04414915,0.556063201,1.407018357,1.492225159,1.511278139,0.186901352,0.12048819,0.107624091,,,,,
2011.538251,2011,928,198,2011_198,-2.524269005,1.772331213,4.296600218,0.65741747,15.13,44.50762369,44.50762369,0.526539837,1.284701893,1.425111566,1.431179836,0.237782353,0.120561483,0.116384262,,,,,
2011.540984,2011,929,199,2011_199,-2.280656288,1.789379436,4.070035724,0.653309947,16.34,45.31306489,45.31306489,0.509354985,1.268609232,1.434055413,1.450204744,0.271201605,0.126255161,0.115039472,,,,,
2011.543716,2011,930,200,2011_200,-1.611846557,1.750317399,3.362163957,0.651905523,18.51,48.7420518,48.7420518,0.503608828,1.301447575,1.472110313,1.504501906,0.201484119,0.077399183,0.060425257,,,,,
2011.546448,2011,931,201,2011_201,-1.970359245,1.748079156,3.718438401,0.682268867,19.36,38.38968648,38.38968648,0.643604259,1.687445417,1.622287631,1.64067708,0.00367645,0.015823508,0.011535206,,,,,
2011.54918,2011,932,202,2011_202,-1.77679221,1.627041366,3.403833576,0.668074915,15.08,29.29457903,29.29457903,0.573880411,1.399017884,1.461031691,1.465057036,0.051994708,0.027559212,0.026238923,,,,,
2011.551913,2011,933,203,2011_203,-1.766017376,1.629976433,3.395993809,0.653318786,17.12,34.15322513,34.15322513,0.509391356,1.285640039,1.449155982,1.471115676,0.118567552,0.032696035,0.02523674,,,,,
2011.554645,2011,934,204,2011_204,-2.505188898,1.705170458,4.210359356,0.667154029,19.37,29.0857472,29.0857472,0.569627044,1.493740914,1.552653098,1.581492088,0.044702452,0.023261545,0.015296339,,,,,
2011.557377,2011,935,205,2011_205,-1.709478007,1.74620694,3.455684947,0.653219757,16.57,45.62833628,45.62833628,0.508984013,1.272653162,1.438134985,1.456048125,0.224253181,0.09490833,0.084192138,,,,,
2011.560109,2011,936,206,2011_206,-2.679709407,1.749697167,4.429406574,0.632716254,9.81,19.03436818,19.03436818,0.431291053,0.961284498,1.27885771,1.233928272,0.621594537,0.221689794,0.266017553,,,,,
2011.562842,2011,937,207,2011_207,-1.969878592,1.714109123,3.683987715,0.640184333,13.88,33.46163391,33.46163391,0.458111472,1.094235268,1.352086586,1.349004814,0.384243597,0.131060317,0.133301157,,,,,
2011.565574,2011,938,208,2011_208,-1.658496787,1.695051592,3.353548379,0.638214247,17.91,45.84852594,45.84852594,0.450878362,1.15335121,1.413208945,1.446764842,0.293439303,0.079435278,0.06164631,,,,,
2011.568306,2011,939,209,2011_209,-0.96610673,1.534444414,2.500551145,0.644077976,22.06,40.0144211,40.0144211,0.47274993,1.297724572,1.51889673,1.579588398,0.056036284,0.00024173,0.002037979,,,,,
2011.571038,2011,940,210,2011_210,-1.328512055,1.302453474,2.630965529,0.681494403,18.28,24.28700156,24.28700156,0.639590214,1.646404491,1.589696852,1.60535341,0.118302302,0.082508758,0.091748371,,,,,
2011.57377,2011,941,211,2011_211,-1.563977245,1.308038997,2.872016243,0.712909248,11.23,20.66388937,20.66388937,0.824359089,1.882283367,1.553458892,1.538727065,0.329756597,0.060230925,0.053216985,,,,,
2011.576503,2011,942,212,2011_212,-1.696085834,1.26585805,2.961943885,0.667964632,14.47,31.51766539,31.51766539,0.573369369,1.383347656,1.448490467,1.448391571,0.013803808,0.0333546,0.033318486,,,,,
2011.579235,2011,943,213,2011_213,-0.720078611,1.174003365,1.894081976,0.642621587,16.05,32.60844698,32.60844698,0.467220548,1.157943882,1.394320448,1.410636064,0.000257907,0.048539617,0.055995034,,,,,
2011.581967,2011,944,214,2011_214,-1.639994584,1.339214247,2.979208831,0.685455147,12.02,14.76650973,14.76650973,0.660385502,1.528271338,1.461932811,1.445937229,0.035742584,0.015059846,0.011389795,,,,,
2011.584699,2011,945,215,2011_215,-0.905954445,1.314894209,2.220848654,0.63456481,17.93,30.49543519,30.49543519,0.437779934,1.120226232,1.401972096,1.437037121,0.037895621,0.007582558,0.014918891,,,,,
2011.587432,2011,946,216,2011_216,-1.083374709,1.313995549,2.397370258,0.669222868,20.86,25.09983874,25.09983874,0.579227048,1.557892779,1.599881276,1.633213292,0.059485859,0.081730649,0.101899967,,,,,
2011.590164,2011,947,217,2011_217,-1.332565879,1.186658511,2.51922439,0.666422972,16.09,31.79675545,31.79675545,0.566272913,1.404386923,1.475709898,1.486672095,0.047405662,0.083550705,0.090008151,,,,,
2011.592896,2011,948,218,2011_218,-0.522389952,1.163780207,1.686170159,0.677169986,14.69,25.49651154,25.49651154,0.617632576,1.495725177,1.486681781,1.486910582,0.110187463,0.104265427,0.104413239,,,,,
2011.595628,2011,949,219,2011_219,-0.740711714,1.171103302,1.911815016,0.719101205,13.14,17.29373155,17.29373155,0.866642638,2.04415815,1.632244519,1.62388329,0.762224768,0.212651222,0.205009718,,,,,
2011.598361,2011,950,220,2011_220,-1.399540813,1.151225704,2.550766516,0.626484473,12.8,22.91138305,22.91138305,0.410116376,0.961768524,1.302289591,1.288347676,0.035894023,0.022820298,0.018802435,,,,,
2011.601093,2011,951,221,2011_221,0.086268085,1.17562352,1.089355435,0.636827861,15.87,35.11827762,35.11827762,0.445856858,1.101619668,1.374006422,1.389878275,0.00547657,0.039355776,0.0459051,,,,,
2011.603825,2011,952,222,2011_222,-1.496355283,1.277348368,2.773703651,0.673465375,8.2,10.99180591,10.99180591,0.599422555,1.299942924,1.356156443,1.308211215,0.000510514,0.006210713,0.000952515,,,,,
2011.606557,2011,953,223,2011_223,-0.774826543,1.269429102,2.044255645,0.621970851,14.44,35.56616563,35.56616563,0.395431894,0.953557723,1.313354035,1.316876853,0.099774728,0.0019294,0.002251289,,,,,
2011.60929,2011,954,224,2011_224,-0.620591516,1.486041544,2.10663306,0.642243556,19.52,35.01705479,35.01705479,0.465795904,1.224582736,1.457527401,1.502124898,0.068360708,0.000813056,0.000258674,,,,,
2011.612022,2011,955,225,2011_225,0.095225634,1.43909947,1.343873836,0.632886963,16.7,24.39559254,24.39559254,0.43188623,1.082269357,1.376062585,1.400487838,0.127327729,0.003973649,0.001490858,,,,,
2011.614754,2011,956,226,2011_226,0.020226359,1.432956198,1.412729839,0.640444186,7.36,12.9623796,12.9623796,0.459074136,0.981455022,1.266367386,1.197667066,0.203853312,0.027751832,0.055360976,,,,,
2011.617486,2011,957,227,2011_227,-0.162159607,1.481558809,1.643718415,0.660123627,7.705,14.92966325,14.92966325,0.538177344,1.157339846,1.31443888,1.256627741,0.105117936,0.027929071,0.050593985,,,,,
2011.620219,2011,958,228,2011_228,-0.700927403,1.272046416,1.972973819,0.683561194,6.228,19.08589554,19.08589554,0.650358558,1.363893028,1.353559741,1.293958652,0.0084358,0.006644422,0.000480146,,,,,
2011.622951,2011,959,229,2011_229,-0.707798495,1.286452911,1.994251406,0.663646625,6.202,19.65847396,19.65847396,0.553713816,1.160702161,1.302812628,1.232294487,0.015813251,0.00026764,0.002933135,,,,,
2011.625683,2011,960,230,2011_230,-0.420359758,1.1976076,1.617967357,0.620966366,10.55,27.76351249,27.76351249,0.392236133,0.885307592,1.263092165,1.224062918,0.097531295,0.004288228,0.000699884,,,,,
2011.628415,2011,961,231,2011_231,-0.47558078,1.325879044,1.801459824,0.606128337,15.42,35.38792435,35.38792435,0.347928845,0.853106582,1.28935681,1.305216164,0.2235138,0.001333874,0.000426955,,,,,
2011.631148,2011,962,232,2011_232,0.044303563,1.300667291,1.256363729,0.615120558,8.57,27.76600908,27.76600908,0.374143663,0.816511202,1.231295534,1.168499014,0.234407118,0.004812441,0.017468454,,,,,
2011.63388,2011,963,233,2011_233,-0.325109641,1.301311808,1.626421449,0.674769782,5.623,23.11700827,23.11700827,0.605772301,1.257386441,1.32177687,1.251822018,0.001929438,0.000418819,0.002449239,,,,,
2011.636612,2011,964,234,2011_234,0.148725282,1.370419708,1.221694425,0.579697654,12.19,33.92516971,33.92516971,0.281036064,0.652259613,1.206293507,1.183027487,0.515753922,0.02693741,0.035115844,,,,,
2011.639344,2011,965,235,2011_235,0.024677979,1.371582302,1.346904323,0.618985484,4.235,11.11518169,11.11518169,0.386009461,0.782540017,1.198328211,1.086473331,0.346970814,0.03001698,0.081287126,,,,,
2011.642077,2011,966,236,2011_236,0.193066417,1.240916191,1.047849773,0.590931233,10.71,23.89118552,23.89118552,0.3077326,0.696468918,1.210919718,1.16968163,0.296422833,0.000899788,0.005074363,,,,,
2011.644809,2011,967,237,2011_237,0.106829723,1.276539891,1.169710168,0.543114819,15.17,31.19613339,31.19613339,0.209129962,0.510602338,1.177789191,1.195909172,0.586660335,0.009751701,0.006501313,,,,,
2011.647541,2011,968,238,2011_238,0.443785143,1.30710222,0.863317077,0.545721775,17.76,29.07097042,29.07097042,0.213580895,0.544950171,1.202010541,1.257528216,0.580875746,0.011044261,0.002457582,,,,,
2011.650273,2011,969,239,2011_239,0.298100511,1.295996075,0.997895563,0.514256092,17.45,30.91103777,30.91103777,0.165641602,0.4204113,1.157862404,1.213187528,0.766648698,0.019080911,0.006857255,,,,,
2011.653005,2011,970,240,2011_240,0.31782636,1.320832421,1.00300606,0.64039162,15.47,22.75264566,22.75264566,0.458879234,1.126109251,1.377875166,1.38947404,0.037917113,0.003253875,0.004711672,,,,,
2011.655738,2011,971,241,2011_241,0.608639762,1.359010262,0.7503705,0.559560591,16.06,24.39185304,24.39185304,0.238843797,0.592043199,1.208677989,1.238065301,0.588238475,0.022599792,0.014627684,,,,,
2011.65847,2011,972,242,2011_242,0.311897285,1.421394662,1.109497377,0.535915566,18.86,26.34754287,26.34754287,0.197314354,0.512952167,1.196560732,1.270182466,0.825267767,0.050550296,0.022865128,,,,,
2011.661202,2011,973,243,2011_243,0.191932413,1.464166551,1.272234139,0.562811641,15.09,17.00077732,17.00077732,0.245199637,0.597854554,1.205286747,1.220972309,0.750496476,0.067018753,0.059143439,,,,,
2011.663934,2011,974,244,2011_244,0.352266634,1.519665452,1.167398819,0.658346818,12.64,13.77114913,13.77114913,0.530507738,1.240719273,1.384130796,1.370147619,0.077810971,0.018369643,0.022355582,,,,,
2011.666667,2011,975,245,2011_245,0.353983551,1.411531954,1.057548403,0.66133593,11.24,16.57013846,16.57013846,0.543473794,1.241140747,1.369927256,1.344417198,0.029033163,0.001730951,0.00450439,,,,,
2011.669399,2011,976,246,2011_246,0.07014428,1.170933677,1.100789397,0.637833961,7.811,8.437016217,8.437016217,0.44949536,0.968374951,1.266193586,1.201377171,0.041030038,0.00907445,0.000926806,,,,,
2011.672131,2011,977,247,2011_247,0.607765869,1.052579563,0.444813694,0.587279216,5.408,10.08085226,10.08085226,0.298786459,0.617920267,1.164514272,1.055786237,0.188928703,0.012529379,1.03E-05,,,,,
2011.674863,2011,978,248,2011_248,0.38152486,0.918137443,0.536612582,0.555103004,3.722,6.008630254,6.008630254,0.230396109,0.463015045,1.121641017,0.982376826,0.207136397,0.041413704,0.004126698,,,,,
2011.677596,2011,979,249,2011_249,0.297144401,0.87417763,0.577033229,0.030023404,2.483,5.963373388,0,0.003313647,0.006520425,1.015806391,0.826328897,0.752829025,0.020058706,0.002289501,,,,,
2011.680328,2011,980,250,2011_250,0.36863546,0.831658885,0.463023425,0.322566873,2.631,7.323340684,7.323340684,0.035209059,0.069457165,1.029954551,0.84744448,0.580951462,0.039321171,0.000249185,,,,,
2012.420765,2012,1250,155,2012_155,-0.130294978,0.265060727,0.395355705,0.33829343,14.38,50.669649,50.669649,0.039978718,0.096307706,1.044495419,1.054589288,0.028477582,0.607518439,0.623355348,,,,,
2012.423497,2012,1251,156,2012_156,-0.699687855,0.304103997,1.003791853,0.499355223,17.24,52.3748927,52.3748927,0.146856034,0.371403374,1.140383537,1.193999381,0.004529206,0.699363469,0.791913794,,,,,
2012.42623,2012,1252,157,2012_157,-1.065804415,0.484342026,1.55014644,0.490959328,16.52,53.1704144,53.1704144,0.13722586,0.342825105,1.128345561,1.170995582,0.020027039,0.414740553,0.471493105,,,,,
2012.428962,2012,1253,158,2012_158,-1.060917741,0.438581245,1.499498985,0.488084062,10.55,47.60113585,47.60113585,0.134075212,0.302618226,1.099373967,1.047461749,0.018485943,0.436647021,0.370735468,,,,,
2012.431694,2012,1254,159,2012_159,-1.130809467,0.350975887,1.481785354,0.473152515,11.91,48.31513719,48.31513719,0.118840161,0.274507232,1.094493219,1.063216654,0.005847455,0.552818023,0.50728691,,,,,
2012.434426,2012,1255,160,2012_160,-0.744430711,0.471465114,1.215895825,0.510905963,8.54,28.61042218,28.61042218,0.161218903,0.351656101,1.107703802,1.0274691,0.0143542,0.404799668,0.309140432,,,,,
2012.437158,2012,1256,161,2012_161,-0.702146655,0.570215261,1.272361915,0.523923424,20.46,40.34244207,40.34244207,0.179096012,0.478432349,1.192147779,1.293040447,0.008424103,0.386800057,0.52247625,,,,,
2012.439891,2012,1257,162,2012_162,-0.493569534,0.652366516,1.14593605,0.508172114,20.07,53.26578052,53.26578052,0.157697436,0.418484135,1.168166922,1.266400956,0.054700968,0.266050059,0.377038294,,,,,
2012.442623,2012,1258,163,2012_163,-0.779658441,0.735294757,1.514953198,0.561964846,9.49,18.47423131,18.47423131,0.243528033,0.539842614,1.161556948,1.100739529,0.03820154,0.181699455,0.133549882,,,,,
2012.445355,2012,1259,164,2012_164,-1.27895136,0.784587607,2.063538967,0.553054852,4.021,22.94495307,22.94495307,0.226615434,0.45773871,1.121317113,0.98548108,0.106830201,0.11338676,0.040358188,,,,,
2012.45082,2012,1261,166,2012_166,-0.985135737,0.970725833,1.95586157,0.540865809,18.27,55.82397476,55.82397476,0.205364759,0.528550878,1.199001651,1.262864167,0.195518691,0.052109849,0.085344806,,,,,
2012.453552,2012,1262,167,2012_167,-0.850912976,1.010615209,1.861528185,0.542746773,19.64,51.19689526,51.19689526,0.208509103,0.549292565,1.213812232,1.297519483,0.212818582,0.04128903,0.082314063,,,,,
2012.456284,2012,1263,168,2012_168,-1.056733131,1.041382718,2.098115849,0.545330471,20.78,46.35160315,46.35160315,0.212906817,0.571857044,1.228795112,1.328546511,0.220454359,0.035123406,0.082463044,,,,,
2012.459016,2012,1264,169,2012_169,-0.748688243,1.194857942,1.943546185,0.551261009,10.25,18.11654867,18.11654867,0.223355183,0.501564793,1.154083964,1.102456809,0.480655391,0.001662517,0.008537969,,,,,
2012.461749,2012,1265,170,2012_170,-0.569867943,1.606233072,2.176101014,0.561121773,21.65,53.63798152,53.63798152,0.241875097,0.659347327,1.267749689,1.374190356,0.896592613,0.114571001,0.053843822,,,,,
2012.464481,2012,1266,171,2012_171,-1.088489852,1.955931309,3.044421161,0.568597932,22.73,53.3870187,53.3870187,0.256933197,0.713377501,1.296999156,1.414542674,1.543939967,0.434191583,0.293101654,,,,,
2012.467213,2012,1267,172,2012_172,-1.80148315,2.232515481,4.033998631,0.57430439,20.56,53.36159263,53.36159263,0.269054672,0.719968816,1.282666404,1.369344491,2.287797415,0.902213269,0.745064158,,,,,
2012.469945,2012,1268,173,2012_173,-1.920704675,2.599498345,4.52020302,0.568514842,18.53,53.85155447,53.85155447,0.256760795,0.663757989,1.247945198,1.309593592,3.747090725,1.82669591,1.663854273,,,,,
2012.472678,2012,1269,174,2012_174,-2.045535018,2.473958723,4.519493741,0.57773543,17.16,43.48856452,43.48856452,0.276616361,0.698620126,1.250890336,1.292448975,3.151827132,1.495896278,1.395965286,,,,,
2012.47541,2012,1270,175,2012_175,-1.382505199,2.558539128,3.941044327,0.575392425,20.31,52.77107192,52.77107192,0.271429944,0.723243581,1.281991978,1.365027063,3.368309744,1.629572626,1.424471049,,,,,
2012.478142,2012,1271,176,2012_176,-1.345944654,2.573297116,3.91924177,0.603031095,22.32,31.96735981,31.96735981,0.339331512,0.935611211,1.380787459,1.473890511,2.682015124,1.422079281,1.208694883,,,,,
2012.480874,2012,1272,177,2012_177,-2.065796821,2.537339005,4.603135826,0.567772218,13.17,17.13630656,17.13630656,0.255225062,0.602308951,1.196564261,1.185945207,3.744341309,1.797676913,1.826265198,,,,,
2012.483607,2012,1273,178,2012_178,-1.985329188,2.369975883,4.355305071,0.580293537,12.75,25.6957271,25.6957271,0.282392155,0.661678179,1.212166736,1.196199278,2.918281046,1.34052202,1.377751519,,,,,
2012.486339,2012,1274,179,2012_179,-1.079968406,2.188106611,3.268075018,0.588030009,13.98,20.75766199,20.75766199,0.300604145,0.719238676,1.236970021,1.236741467,2.15757301,0.904660812,0.905095637,,,,,
2012.489071,2012,1275,180,2012_180,-2.393745777,2.123668119,4.517413895,0.575583959,13.1,14.25069634,14.25069634,0.271850244,0.640779718,1.207820291,1.196341564,2.19895801,0.838777244,0.85993454,,,,,
2012.491803,2012,1276,181,2012_181,-2.309081408,2.172939913,4.482021321,0.605513104,18.07,33.99758941,33.99758941,0.346203916,0.888005796,1.322834679,1.368826372,1.651055684,0.722678909,0.646598587,,,,,
2012.494536,2012,1277,182,2012_182,-1.567952717,2.011421773,3.57937449,0.612381447,14.8,30.87406644,30.87406644,0.365955773,0.887897009,1.295607691,1.303797853,1.262307895,0.512389801,0.500731612,,,,,
2012.497268,2012,1278,183,2012_183,-2.339130545,1.854308126,4.193438671,0.661256489,15.77,20.62745852,20.62745852,0.543125133,1.339669291,1.450492843,1.460552743,0.26485313,0.163066783,0.155043301,,,,,
2012.5,2012,1279,184,2012_184,-2.595290015,1.874551448,4.469841463,0.619163241,21.23,42.45514184,42.45514184,0.386564159,1.046267815,1.411714455,1.484032559,0.686053777,0.214218082,0.152505003,,,,,
2012.502732,2012,1280,185,2012_185,-2.189105019,1.735911613,3.925016631,0.626208613,20.43,36.98653486,36.98653486,0.409203457,1.092577766,1.420039843,1.480991341,0.413878439,0.099774975,0.064984345,,,,,
2012.505464,2012,1281,186,2012_186,-2.895938066,1.670919031,4.566857096,0.65584068,22.15,41.676745,41.676745,0.519875422,1.429272427,1.571455054,1.622071412,0.058393081,0.009893083,0.00238609,,,,,
2012.508197,2012,1282,187,2012_187,-2.488440832,1.432263443,3.920704275,0.625272505,17.13,44.17299338,44.17299338,0.406120666,1.025172057,1.361162517,1.39168496,0.165723396,0.005055342,0.001646613,,,,,
2012.510929,2012,1283,188,2012_188,-2.372215586,1.472399555,3.844615141,0.627460578,19.5,48.20903797,48.20903797,0.413363038,1.086366593,1.407284744,1.459311994,0.149021448,0.004239939,0.000171284,,,,,
2012.513661,2012,1284,189,2012_189,-1.533675067,1.412452854,2.946127921,0.649571371,18.46,40.96206463,40.96206463,0.494201758,1.276051983,1.462544987,1.495684493,0.018605198,0.002509222,0.006927506,,,,,
2012.516393,2012,1285,190,2012_190,-1.839167182,1.410470499,3.249637681,0.64288108,14.83,19.70235306,19.70235306,0.468200992,1.13654825,1.374678205,1.380166435,0.075033399,0.001281088,0.000918336,,,,,
2012.519126,2012,1286,191,2012_191,-2.121453603,1.293235582,3.414689185,0.660012267,20.54,51.53005849,51.53005849,0.537693417,1.43833538,1.550085888,1.58954011,0.021053951,0.06597208,0.087796373,,,,,
2012.521858,2012,1287,192,2012_192,-2.21675578,1.245557571,3.46231335,0.633473991,17.25,36.46788138,36.46788138,0.43393918,1.097632019,1.386935257,1.416265994,0.021881969,0.01998765,0.029141366,,,,,
2012.52459,2012,1288,193,2012_193,-1.488886286,1.275561367,2.764447653,0.669320853,19.97,50.64649258,50.64649258,0.579685718,1.53570727,1.577226946,1.607158867,0.067675891,0.091002122,0.109956902,,,,,
2012.527322,2012,1289,194,2012_194,-1.073453253,1.411267291,2.484720544,0.657599624,21.99,35.94666283,35.94666283,0.527315208,1.445787225,1.575353529,1.623597929,0.001191626,0.026924293,0.0450843,,,,,
2012.532787,2012,1291,196,2012_196,-2.090785901,1.416652141,3.507438042,0.712100134,15.15,20.13567531,20.13567531,0.818988431,1.998925469,1.653834695,1.649360809,0.339042228,0.056255564,0.054153324,,,,,
2012.535519,2012,1292,197,2012_197,-0.811904053,1.480019761,2.291923814,0.645552095,16.19,30.55198399,30.55198399,0.478413267,1.188509701,1.405894299,1.422751204,0.084978115,0.005494584,0.003279688,,,,,
2012.538251,2012,1293,198,2012_198,-0.547292012,1.510794943,2.058086956,0.695238835,13.86,17.49582161,17.49582161,0.714697464,1.706530587,1.540776317,1.535013176,0.038312442,0.000898883,0.000586523,,,,,
2012.540984,2012,1294,199,2012_199,-1.095636044,1.602338483,2.697974528,0.69052467,10.91,10.21950997,10.21950997,0.687991778,1.562386706,1.457813408,1.43582509,0.001596144,0.020887497,0.02772671,,,,,
2012.543716,2012,1295,200,2012_200,-2.230131062,1.465329534,3.695460596,0.730126763,11.42,16.14029499,16.14029499,0.9473745,2.170168554,1.639254719,1.629599635,0.496798044,0.03024997,0.026984666,,,,,
2012.54918,2012,1297,202,2012_202,-0.378159985,1.551588233,1.929748218,0.7170776,12.92,18.61921254,18.61921254,0.85259055,2.003503918,1.616207638,1.607308612,0.204227787,0.004175668,0.003104761,,,,,
2012.554645,2012,1299,204,2012_204,-1.141636144,1.611972814,2.753608959,0.649252482,20.95,43.65368513,43.65368513,0.492930293,1.327819105,1.514677195,1.564478739,0.080743331,0.009466437,0.002255687,,,,,
2012.557377,2012,1300,205,2012_205,-0.959856975,1.735001271,2.694858246,0.647086877,21.08,25.42797239,25.42797239,0.484381764,1.307679374,1.508899383,1.561118322,0.182604003,0.051122064,0.03023528,,,,,
2012.560109,2012,1301,206,2012_206,-1.954067394,1.801828833,3.755896226,0.707331725,15.98,14.53047458,14.53047458,0.78804037,1.950729607,1.653205631,1.651259269,0.02217144,0.022088856,0.022671194,,,,,
2012.562842,2012,1302,207,2012_207,-1.370924732,1.882083001,3.253007733,0.673529038,17.93,24.7299237,24.7299237,0.599730911,1.534639317,1.545368819,1.563871033,0.120717113,0.11337644,0.101258857,,,,,
2012.565574,2012,1303,208,2012_208,-1.295304497,1.851180682,3.14648518,0.659284668,20.83,26.84206377,26.84206377,0.534542253,1.436974998,1.553977298,1.595409431,0.171566349,0.088329851,0.065418933,,,,,
2012.568306,2012,1304,209,2012_209,-0.963617875,1.86628209,2.829899965,0.648257748,21.31,25.50359041,25.50359041,0.488985096,1.325280245,1.518819524,1.571549242,0.292682996,0.120730234,0.086867452,,,,,
2012.571038,2012,1305,210,2012_210,-1.009478609,1.875749812,2.885228421,0.666189904,18.95,23.09685419,23.09685419,0.565207741,1.471604016,1.538427097,1.565837336,0.163333824,0.113786614,0.096045743,,,,,
2012.57377,2012,1306,211,2012_211,-1.629109259,1.816516422,3.445625681,0.649628438,24.1,26.07712688,26.07712688,0.49442964,1.405146173,1.593034663,1.658783581,0.169225482,0.049944096,0.024879649,,,,,
2012.576503,2012,1307,212,2012_212,-1.38933364,1.893828069,3.283161709,0.641953475,19.52,29.69981655,29.69981655,0.464705654,1.221716456,1.456490085,1.501245804,0.451734021,0.191264512,0.154120834,,,,,
2012.579235,2012,1308,213,2012_213,-1.987163081,1.816072722,3.803235803,0.65900348,12.79,18.88320307,18.88320307,0.533329407,1.250504119,1.388628017,1.375931117,0.319867845,0.182708976,0.193724633,,,,,
2012.581967,2012,1309,214,2012_214,-1.004243882,1.826263466,2.830507347,0.690160473,16.52,23.41028022,23.41028022,0.685970617,1.71372909,1.584206615,1.589787068,0.012663986,0.058591519,0.055921087,,,,,
2012.584699,2012,1310,215,2012_215,-0.330659008,1.811319589,2.141978597,0.652829804,16.08,20.43854866,20.43854866,0.507383156,1.258123233,1.427543424,1.441817099,0.306026208,0.147284145,0.13653209,,,,,
2012.587432,2012,1311,216,2012_216,-1.402252739,1.736687336,3.138940075,0.679776278,13.32,12.27322623,12.27322623,0.630774325,1.492374421,1.467751514,1.459494619,0.0596888,0.072326476,0.076835802,,,,,
2012.590164,2012,1312,217,2012_217,-1.124680042,1.731590545,2.856270587,0.705613123,13.7,19.57980424,19.57980424,0.7771753,1.850670839,1.582668734,1.575797756,0.014180117,0.022177706,0.024271393,,,,,
2012.592896,2012,1313,218,2012_218,0.397554506,1.706997619,1.309443113,0.659253341,16.18,35.47578283,35.47578283,0.534406994,1.327387724,1.451523394,1.464958289,0.144103673,0.06526708,0.058583037,,,,,
2012.595628,2012,1314,219,2012_219,-1.111439067,1.593746309,2.705185376,0.619398296,8.79,3.918983194,3.918983194,0.387298882,0.848388468,1.241169179,1.181934027,0.555558311,0.124310632,0.169589356,,,,,
2012.598361,2012,1315,220,2012_220,-0.965272185,1.508943394,2.474215579,0.662461238,8.61,22.78630916,22.78630916,0.548436808,1.197693683,1.332935676,1.284420188,0.096876383,0.030978717,0.05041067,,,,,
2012.601093,2012,1316,221,2012_221,-1.481227245,1.384594338,2.865821582,0.687327129,12.97,19.80972851,19.80972851,0.670448031,1.576827059,1.488701094,1.478532019,0.036953419,0.010838217,0.008824288,,,,,
2012.603825,2012,1317,222,2012_222,-0.676309678,1.36126073,2.037570409,0.695283438,15.79,24.27131231,24.27131231,0.714955028,1.764103788,1.588996848,1.59048253,0.162282529,0.051863739,0.052542634,,,,,
2012.606557,2012,1318,223,2012_223,-0.281745172,1.247092184,1.528837356,0.727583722,11.86,11.22947378,11.22947378,0.928110711,2.142007954,1.63885203,1.629297572,0.800874235,0.153475777,0.146080959,,,,,
2012.60929,2012,1319,224,2012_224,-1.811006966,1.233636827,3.044643792,0.652550961,9.31,8.088172185,8.088172185,0.506241523,1.118784956,1.317882924,1.27279056,0.013190952,0.007097405,0.001533015,,,,,
2012.612022,2012,1320,225,2012_225,-1.201339681,1.169216441,2.370556123,0.631433522,14.83,31.89991608,31.89991608,0.426844964,1.036157346,1.342850307,1.349567031,0.017704723,0.03014872,0.032526335,,,,,
2012.614754,2012,1321,226,2012_226,-0.39818106,1.187616305,1.585797365,0.629888077,19.09,33.75600062,33.75600062,0.421549116,1.100183137,1.40770461,1.454934852,0.007644559,0.048438862,0.071459206,,,,,
2012.617486,2012,1322,227,2012_227,-0.039620401,1.201584488,1.241204889,0.625855899,18.59,19.16422803,19.16422803,0.408039162,1.055907835,1.38658511,1.430952167,0.021221687,0.03422523,0.052609532,,,,,
2012.620219,2012,1323,228,2012_228,-0.288117673,1.103659367,1.391777041,0.721129438,16.78,9.634234185,9.634234185,0.880959262,2.210612654,1.754846457,1.746904169,1.22534558,0.424044627,0.413763875,,,,,
2012.622951,2012,1324,229,2012_229,-0.288853498,1.010423987,1.299277485,0.65314381,17.26,13.88540464,13.88540464,0.508671836,1.286884139,1.451299613,1.474339038,0.076430216,0.194371317,0.215217175,,,,,
2012.625683,2012,1325,230,2012_230,-0.309115432,0.907956406,1.217071838,0.651506852,15.79,17.77469347,17.77469347,0.501989522,1.238625625,1.417824511,1.430111641,0.109342132,0.259965485,0.27264609,,,,,
2012.628415,2012,1326,231,2012_231,-0.176008845,0.992434141,1.168442986,0.593283266,17.22,20.47076632,20.47076632,0.313635553,0.792924127,1.283275305,1.322488352,0.039804246,0.084588583,0.108935782,,,,,
2012.631148,2012,1327,232,2012_232,-0.316907129,1.020037255,1.336944384,0.609404153,16.77,18.40759849,18.40759849,0.357259002,0.896326329,1.31450919,1.345070279,0.015304393,0.08671372,0.105646467,,,,,
2012.63388,2012,1328,233,2012_233,-0.100516318,0.988531554,1.089047872,0.61891791,17.67,26.08748826,26.08748826,0.385798803,0.982857582,1.351953156,1.38968874,3.22E-05,0.132075261,0.160927088,,,,,
2012.636612,2012,1329,234,2012_234,-0.39141354,1.005064694,1.396478234,0.654924186,15.41,19.591129,19.591129,0.516040627,1.265094301,1.422051085,1.430692614,0.067615396,0.17387765,0.181159126,,,,,
2012.639344,2012,1330,235,2012_235,-0.325644976,0.987289402,1.312934378,0.576012886,17.74,27.16201287,27.16201287,0.272793839,0.695794904,1.25382139,1.303279423,0.084969042,0.071039301,0.099849693,,,,,
2012.642077,2012,1331,236,2012_236,0.038793637,0.932577882,0.893784245,0.558723135,19.7,30.46020923,30.46020923,0.237233419,0.62560136,1.241907255,1.322184885,0.094234585,0.095684661,0.151793617,,,,,
2012.644809,2012,1332,237,2012_237,0.153546196,0.973338588,0.819792392,0.614759234,18.9,18.02021656,18.02021656,0.373053173,0.970474969,1.359473582,1.411215096,8.20E-06,0.149100233,0.191735836,,,,,
2012.647541,2012,1333,238,2012_238,-0.543076406,0.940783943,1.483860349,0.640049758,13.35,9.488913031,9.488913031,0.457613712,1.083239223,1.343729263,1.33560452,0.020293507,0.162364931,0.155883288,,,,,
2012.650273,2012,1334,239,2012_239,0.368329028,0.88277739,0.514448363,0.560880765,11.01,17.46125688,17.46125688,0.24140464,0.549148027,1.170657369,1.130373936,0.111308552,0.082874882,0.06130405,,,,,
2012.653005,2012,1335,240,2012_240,0.07623122,0.83236401,0.75613279,0.022439662,4.727,6.256545444,0,0.003116734,0.006371504,1.015866271,0.860905159,0.68226362,0.03367308,0.000814597,,,,,
2012.655738,2012,1336,241,2012_241,0.193249367,0.738783448,0.545534082,0.639625294,9.03,12.88017256,12.88017256,0.456047266,1.00306906,1.284346415,1.232881766,0.069846885,0.297638951,0.244133148,,,,,
2012.65847,2012,1337,242,2012_242,0.548683683,0.8049987,0.256315018,0.628551689,10.45,9.298809323,9.298809323,0.417022657,0.939653453,1.277617735,1.238746054,0.018131902,0.223368752,0.188136767,,,,,
2012.661202,2012,1338,243,2012_243,0.275935652,0.747712946,0.471777293,0.587572578,7.344,5.183152587,5.183152587,0.299495383,0.640117269,1.178643776,1.094382387,0.01157683,0.18570138,0.120179701,,,,,
2012.663934,2012,1339,244,2012_244,0.208957364,0.897454326,0.688496962,0.65008921,4.703,7.860628886,7.860628886,0.496273462,1.0141121,1.255942191,1.163596405,0.013609036,0.128513549,0.070831606,,,,,
2012.666667,2012,1340,245,2012_245,0.396079095,0.890602947,0.494523852,0.629081243,4.412,8.559981135,8.559981135,0.418810458,0.851595419,1.21556619,1.110054628,0.001521587,0.10560111,0.04815904,,,,,
2012.669399,2012,1341,246,2012_246,0.241547221,1.046638939,0.805091718,0.641840205,2.498184331,11.21297228,11.21297228,0.464280629,0.913823486,1.218917749,1.098626085,0.017639944,0.029679988,0.002702663,,,,,
2012.672131,2012,1342,247,2012_247,-0.292301505,1.052006343,1.344307848,0.100799854,9.671735748,9.439441922,9.439441922,0.005869696,0.013051968,1.01792478,0.944432783,1.079426193,0.001161553,0.011572071,,,,,
2013.434426,2013,1621,160,2013_160,-0.158268794,0.59869406,0.756962854,0.345842944,8.6,18.04188063,18.04188063,0.042492794,0.09278133,1.039020352,0.950233975,0.25594769,0.193887243,0.123580312,,,,,
2013.437158,2013,1622,161,2013_161,-0.299037832,0.583062779,0.882100611,0.478570743,10.84,27.65118035,27.65118035,0.124157321,0.281618156,1.094123776,1.046223776,0.090868861,0.261183342,0.214518109,,,,,
2013.439891,2013,1623,162,2013_162,-0.814207691,0.641599413,1.455807104,0.530845429,16.02,31.9468446,31.9468446,0.189396002,0.469153357,1.168167236,1.199764566,0.029737642,0.277273672,0.311548338,,,,,
2013.442623,2013,1624,163,2013_163,-0.55413053,0.579283525,1.133414055,0.499276649,19.56,53.62293867,53.62293867,0.146762847,0.386103738,1.154237224,1.245794269,0.03731843,0.330571756,0.444236572,,,,,
2013.445355,2013,1625,164,2013_164,-0.253533336,0.813292127,1.066825463,0.477128504,22,49.39714683,49.39714683,0.122719178,0.336527358,1.144966295,1.282488256,0.227304645,0.110007753,0.220145008,,,,,
2013.448087,2013,1626,165,2013_165,-0.755048586,0.927099194,1.682147779,0.48063828,22.76,33.16966882,33.16966882,0.126248434,0.350708865,1.153421608,1.303499021,0.332225812,0.051221835,0.14167683,,,,,
2013.45082,2013,1627,166,2013_166,-0.368432984,1.073091001,1.441523985,0.551093772,17.29,30.32236115,30.32236115,0.223053636,0.564589272,1.206211936,1.254073304,0.258574009,0.017721183,0.032754594,,,,,
2013.453552,2013,1628,167,2013_167,-1.129904108,1.098014852,2.22791896,0.629825615,15.01,28.33284129,28.33284129,0.421336462,1.025921049,1.341261344,1.349937878,0.005197516,0.059168856,0.063465211,,,,,
2013.456284,2013,1629,168,2013_168,-0.576151872,1.175687602,1.751839474,0.574873014,20.14,55.36564211,55.36564211,0.270293421,0.718136186,1.278830075,1.359853289,0.209353299,0.01063837,0.033917,,,,,
2013.459016,2013,1630,169,2013_169,-0.645958646,1.266183179,1.912141826,0.581212197,23.97,55.77608941,55.77608941,0.284495642,0.806738049,1.345373095,1.47117492,0.211089828,0.006271043,0.042021614,,,,,
2013.461749,2013,1631,170,2013_170,-0.088127681,1.240593682,1.328721364,0.590889811,24.48,55.9600096,55.9600096,0.307629644,0.879937027,1.380642486,1.505421101,0.130073223,0.019613667,0.070133562,,,,,
2013.464481,2013,1632,171,2013_171,-1.080204065,1.431509723,2.511713788,0.582100829,28.56,43.59211454,43.59211454,0.286545281,0.878513773,1.424674966,1.602257001,0.305804521,4.67E-05,0.029154633,,,,,
2013.467213,2013,1633,172,2013_172,-1.031512726,1.817429184,2.84894191,0.584369365,19.92,39.49705878,39.49705878,0.291844897,0.772500341,1.297091066,1.371885973,1.091876288,0.270751757,0.198508752,,,,,
2013.469945,2013,1634,173,2013_173,-1.489217063,1.848290508,3.33750757,0.604871681,15.21,26.77690149,26.77690149,0.344414662,0.841479583,1.28400594,1.297583381,1.013668239,0.318417073,0.30327834,,,,,
2013.472678,2013,1635,174,2013_174,-0.741445434,2.129527591,2.870973025,0.60314763,18.47,41.99257719,41.99257719,0.33965111,0.877144151,1.322520444,1.373716424,1.56846428,0.651260535,0.57125052,,,,,
2013.47541,2013,1636,175,2013_175,-2.025632781,2.416574846,4.442207627,0.670393189,12.88,14.8588648,14.8588648,0.584729147,1.373121645,1.426373027,1.414898275,1.088794583,0.980499643,1.003355954,,,,,
2013.478142,2013,1637,176,2013_176,-1.553717908,2.224808351,3.778526259,0.649911672,12.96,34.84656024,34.84656024,0.495562215,1.16531484,1.364807778,1.353222879,1.122526501,0.739600986,0.759661235,,,,,
2013.480874,2013,1638,177,2013_177,-0.876169061,2.242254047,3.118423108,0.619565218,25.5,48.17398443,48.17398443,0.387821486,1.12872528,1.497927501,1.605982972,1.239946316,0.554022007,0.404840881,,,,,
2013.483607,2013,1639,178,2013_178,-1.892638545,2.102040939,3.994679484,0.665126328,20.98,17.29508813,17.29508813,0.560372343,1.510259774,1.583903859,1.621194293,0.350204947,0.268466034,0.231213497,,,,,
2013.486339,2013,1640,179,2013_179,-2.248003742,2.187945609,4.43594935,0.646902181,18.38,32.68328952,32.68328952,0.48365959,1.247133838,1.451400057,1.48516824,0.885126789,0.54249935,0.493896031,,,,,
2013.489071,2013,1641,180,2013_180,-1.720822366,2.263065241,3.983887607,0.662821604,15.59,31.50907638,31.50907638,0.550035713,1.352568417,1.452461249,1.460926667,0.829004467,0.657078833,0.643426292,,,,,
2013.491803,2013,1642,181,2013_181,-1.157348742,2.192861769,3.350210511,0.64111872,23.62,27.75520831,27.75520831,0.461582499,1.30113216,1.542988793,1.615700563,0.795181696,0.422334885,0.333115057,,,,,
2013.494536,2013,1643,182,2013_182,-0.951253173,2.252089627,3.2033428,0.644723803,21.62,25.91643297,25.91643297,0.475222798,1.294788409,1.511543221,1.568972249,0.916425621,0.54840898,0.466649351,,,,,
2013.497268,2013,1644,183,2013_183,-1.686885305,2.662847245,4.34973255,0.638536667,15.13,11.577872,11.577872,0.452054253,1.102964893,1.367003877,1.375763917,2.433232953,1.679210035,1.656583494,,,,,
2013.5,2013,1645,184,2013_184,-2.572670427,2.776785517,5.349455944,0.650317932,18.39,49.43637731,49.43637731,0.497191267,1.282243787,1.463831012,1.496127726,2.233654982,1.723849531,1.640084378,,,,,
2013.502732,2013,1646,185,2013_185,-3.20434374,2.87442086,6.0787646,0.64630048,18.48,41.66755335,41.66755335,0.48131436,1.243198866,1.451252246,1.486037715,2.660885192,2.025408904,1.927607757,,,,,
2013.505464,2013,1647,186,2013_186,-2.604678783,2.742437683,5.347116466,0.664869406,13.57,33.12577449,33.12577449,0.5592105,1.328695378,1.420881484,1.414456719,1.998667304,1.746510786,1.76353344,,,,,
2013.508197,2013,1648,187,2013_187,-2.488981071,2.628213775,5.117194846,0.675523142,17.84,42.21969264,42.21969264,0.609470193,1.557175934,1.551800291,1.568908135,1.147122056,1.158665988,1.122128438,,,,,
2013.510929,2013,1649,188,2013_188,-1.145943645,2.338379256,3.484322901,0.673976251,18.06,46.37785461,46.37785461,0.60190149,1.543602206,1.550433232,1.569305957,0.631670559,0.620858936,0.59147374,,,,,
2013.513661,2013,1650,189,2013_189,-1.775799481,1.52953063,3.305330111,0.624211877,6.12,10.93766484,10.93766484,0.40265586,0.842876342,1.22334031,1.135168126,0.471494111,0.093752512,0.155521785,,,,,
2013.516393,2013,1651,190,2013_190,-3.070753714,1.661415849,4.732169564,0.689029247,8.13,19.25590915,19.25590915,0.67973051,1.47234979,1.400725394,1.359086699,0.035745975,0.067959513,0.091402915,,,,,
2013.519126,2013,1652,191,2013_191,-2.573648814,1.424591842,3.998240656,0.691199425,11.36,21.74515288,21.74515288,0.691752173,1.582993717,1.469404598,1.450328214,0.025091154,0.002008183,0.000662361,,,,,
2013.521858,2013,1653,192,2013_192,-2.863402758,1.632677722,4.49608048,0.697005863,15.48,49.73464454,49.73464454,0.724972634,1.779416394,1.588936298,1.588971538,0.021532238,0.001913312,0.00191023,,,,,
2013.52459,2013,1654,193,2013_193,-2.25795782,1.723005589,3.980963409,0.695313285,17.03,47.88027075,47.88027075,0.715127433,1.802131932,1.622289639,1.627179315,0.006260978,0.010143703,0.009182675,,,,,
2013.527322,2013,1655,194,2013_194,-2.387244233,1.720382566,4.107626799,0.691622463,21.25,50.2655476,50.2655476,0.69412023,1.879332775,1.728511178,1.740556144,0.025265169,6.61E-05,0.000406973,,,,,
2013.530055,2013,1656,195,2013_195,-1.524775489,1.497453231,3.02222872,0.68200939,24.22,47.91100349,47.91100349,0.642256592,1.828992018,1.770143949,1.792356574,0.109917968,0.074360228,0.086967982,,,,,
2013.532787,2013,1657,196,2013_196,-2.26045012,1.445459563,3.705909684,0.710499451,23.59,26.9016621,26.9016621,0.808466433,2.277783863,1.939012829,1.916177212,0.69276374,0.243594826,0.221575105,,,,,
2013.535519,2013,1658,197,2013_197,-2.522730334,1.359237697,3.881968031,0.676155416,19.11,24.22515803,24.22515803,0.612591147,1.599319463,1.586487628,1.608356595,0.057639254,0.051642531,0.062060225,,,,,
2013.538251,2013,1659,198,2013_198,-2.910285793,1.231154636,4.141440429,0.736475011,15.31,24.55074422,24.55074422,0.997226102,2.440585999,1.798662052,1.787248926,1.462724221,0.322064667,0.30924086,,,,,
2013.540984,2013,1660,199,2013_199,-1.956217866,1.304486391,3.260704257,0.70433338,17.93,36.83114298,36.83114298,0.769182136,1.968244635,1.695406508,1.696578856,0.440575006,0.152818538,0.153736501,,,,,
2013.543716,2013,1661,200,2013_200,-2.712180145,1.322345751,4.034525896,0.744840599,14.54,18.45549349,18.45549349,1.066947723,2.577252447,1.824779076,1.81351463,1.574790816,0.252439246,0.241246868,,,,,
2013.546448,2013,1662,201,2013_201,-2.758153221,1.249229769,4.00738299,0.720420623,15.35,28.26237576,28.26237576,0.875929286,2.14518591,1.704509912,1.697952536,0.802737406,0.207280009,0.201352121,,,,,
2013.54918,2013,1663,202,2013_202,-1.233531703,1.291866115,2.525397818,0.696416075,20.09,43.42325401,43.42325401,0.721526729,1.915378005,1.718768243,1.726268698,0.388767077,0.182245427,0.188705604,,,,,
2013.551913,2013,1664,203,2013_203,-0.544430994,1.469136008,2.013567002,0.737114558,20.27,22.27062993,22.27062993,1.002391555,2.669124426,2.00097334,1.961576304,1.439972204,0.282850948,0.242497445,,,,,
2013.554645,2013,1665,204,2013_204,-0.869519945,1.491345125,2.36086507,0.736931023,15.82,7.864316387,7.864316387,1.00090646,2.470930091,1.81992429,1.806807797,0.959586705,0.107964267,0.099516697,,,,,
2013.557377,2013,1666,205,2013_205,-2.171737697,1.523704328,3.695442024,0.74463912,9.1,16.00118098,16.00118098,1.065212563,2.345709503,1.646997403,1.640249173,0.675692507,0.015201182,0.013582701,,,,,
2013.560109,2013,1667,206,2013_206,-1.74040561,1.500054869,3.240460478,0.725859239,12.3,32.92345713,32.92345713,0.915270944,2.128239449,1.642590187,1.633421515,0.394615867,0.020316317,0.017786662,,,,,
2013.562842,2013,1668,207,2013_207,-0.632914625,1.490716058,2.123630683,0.747003322,13.42,15.61655452,15.61655452,1.085752291,2.573197204,1.798329792,1.790222394,1.171765431,0.094626209,0.089704045,,,,,
2013.565574,2013,1669,208,2013_208,-1.154995086,1.423040426,2.578035512,0.776598092,18.35,11.2385257,11.2385257,1.378986119,3.553952306,2.258760772,2.190956755,4.540785442,0.698428497,0.589695488,,,,,
2013.568306,2013,1670,209,2013_209,-1.439629962,1.404334308,2.84396427,0.752768135,24.58,25.19360242,25.19360242,1.137511511,3.259250472,2.374923512,2.242368268,3.440713975,0.942043403,0.702300919,,,,,
2013.571038,2013,1671,210,2013_210,-2.134679965,1.456067923,3.590747887,0.757295013,15.8,26.07611329,26.07611329,1.179879683,2.911769439,1.963111881,1.9409437,2.119066902,0.257093576,0.235104519,,,,,
2013.57377,2013,1672,211,2013_211,-1.111094836,1.467496756,2.578591592,0.722847722,16.8,26.19548371,26.19548371,0.893272957,2.24227419,1.765876303,1.756990627,0.600280072,0.089030354,0.083806701,,,,,
2013.576503,2013,1673,212,2013_212,-1.429387939,1.534233949,2.963621888,0.775906168,13.89,16.60923995,16.60923995,1.371299682,3.27601415,2.025785057,2.013379741,3.033798269,0.241622492,0.22958069,,,,,
2013.579235,2013,1674,213,2013_213,-1.430376203,1.518768956,2.949145159,0.743250091,21.81,27.90679629,27.90679629,1.053326631,2.879173271,2.125887282,2.06056715,1.850699901,0.368592662,0.293545283,,,,,
2013.581967,2013,1675,214,2013_214,-2.055065527,1.451137778,3.506203305,0.722070787,24.02,22.28106034,22.28106034,0.887684053,2.519327362,2.049552966,2.000706903,1.141028987,0.358100737,0.302026223,,,,,
2013.584699,2013,1676,215,2013_215,-1.206979752,1.774357334,2.981337086,0.764905804,20.5,23.4712952,23.4712952,1.25469777,3.354047113,2.262224022,2.176991256,2.495419799,0.238013906,0.162114075,,,,,
2013.587432,2013,1677,216,2013_216,-1.818275188,1.937620506,3.755895694,0.75729198,18.31,19.62141195,19.62141195,1.179850774,3.038668837,2.077134368,2.03230557,1.212307426,0.019464118,0.008965261,,,,,
2013.590164,2013,1678,217,2013_217,-2.21167321,1.883221605,4.094894815,0.737693335,16.35,20.91947166,20.91947166,1.007089245,2.508702239,1.844563395,1.829150009,0.391226024,0.001494457,0.002923737,,,,,
2013.592896,2013,1679,218,2013_218,-1.630244525,1.815749472,3.445993997,0.701566997,21.69,32.97800138,32.97800138,0.752183355,2.051834006,1.803804976,1.803368059,0.055735907,0.000142671,0.000153299,,,,,
2013.595628,2013,1680,219,2013_219,-0.623538571,1.844978781,2.468517352,0.736341922,26.09,33.82977283,33.82977283,0.996154527,2.928467501,2.2900557,2.176733176,1.173947807,0.198093464,0.110060979,,,,,
2013.598361,2013,1681,220,2013_220,-1.238761657,1.860529047,3.099290704,0.713048809,23.62,30.01271293,30.01271293,0.825289009,2.326366517,1.959534779,1.931854307,0.217004548,0.009802135,0.005087293,,,,,
2013.601093,2013,1682,221,2013_221,-1.007044334,1.78684052,2.793884854,0.765151324,20.71,20.7287254,20.7287254,1.257188787,3.372728934,2.276632897,2.187440067,2.515042061,0.239896573,0.160479997,,,,,
2013.603825,2013,1683,222,2013_222,-1.266730501,1.882183297,3.148913798,0.698316995,18.77,25.09218767,25.09218767,0.732692149,1.901844708,1.688216336,1.693882286,0.000386571,0.037623182,0.035457271,,,,,
2013.606557,2013,1684,223,2013_223,-0.703418573,1.96481761,2.668236183,0.698680077,18.28,27.69568161,27.69568161,0.734844352,1.891603429,1.675383626,1.680432994,0.005360316,0.083772031,0.08087461,,,,,
2013.60929,2013,1685,224,2013_224,-1.081113954,1.964839452,3.045953406,0.733297589,15.27,14.02416879,14.02416879,0.971954855,2.3771203,1.777404699,1.767089352,0.169975498,0.035131786,0.039105102,,,,,
2013.612022,2013,1686,225,2013_225,-0.099187121,1.974324028,2.073511149,0.697928019,16.85,21.20866972,21.20866972,0.73039345,1.834977166,1.630233502,1.633540921,0.019417548,0.11839829,0.116133126,,,,,
2013.614754,2013,1687,226,2013_226,-0.193603343,1.92882372,2.122427062,0.648215599,8.09,6.134314343,6.134314343,0.488818629,1.058099654,1.291703492,1.233250778,0.758160399,0.405922185,0.483821718,,,,,
2013.617486,2013,1688,227,2013_227,0.010786917,1.891670581,1.880883664,0.712901451,8.67,11.85402017,11.85402017,0.824307168,1.80198577,1.494490562,1.468156912,0.008043365,0.157751968,0.179363828,,,,,
2013.620219,2013,1689,228,2013_228,0.16172788,2.016023608,1.854295727,0.721198539,8.56,11.10243225,11.10243225,0.881451167,1.923304989,1.525228037,1.502890211,0.008596742,0.240880293,0.263305884,,,,,
2013.622951,2013,1690,229,2013_229,0.051905095,1.771379808,1.719474714,0.726275994,7.462,10.49024946,10.49024946,0.918357554,1.966765931,1.520833318,1.496802563,0.038175737,0.062773544,0.075392663,,,,,
2013.625683,2013,1691,230,2013_230,0.416906425,1.595943581,1.179037156,0.738473005,7.544,13.90913313,13.90913313,1.013452321,2.173450672,1.575355906,1.560618511,0.33351444,0.000423852,0.001247861,,,,,
2013.628415,2013,1692,231,2013_231,0.198065246,1.457734076,1.25966883,0.713037206,3.873,9.818505046,9.818505046,0.825211656,1.662648678,1.401275288,1.345124812,0.041989994,0.003187595,0.012680846,,,,,
2013.63388,2013,1694,233,2013_233,-0.518120337,1.622356834,2.14047717,0.006948234,7.983,33.11796974,0,0.002750111,0.005942085,1.015900224,0.913610506,2.612796641,0.36778962,0.502321357,,,,,
2013.636612,2013,1695,234,2013_234,0.492328728,1.535801424,1.043472696,0.609647862,8.01,32.01203196,32.01203196,0.35796305,0.773795504,1.2167224,1.146000866,0.580653022,0.101811424,0.151944475,,,,,
2013.639344,2013,1696,235,2013_235,0.064519191,1.436642403,1.372123213,0.730976366,3.466,9.090723951,9.090723951,0.953899025,1.908673912,1.453457353,1.412439147,0.222813745,0.000282743,0.000585798,,,,,
2013.642077,2013,1697,236,2013_236,-0.054241399,1.370964939,1.425206338,0.749344914,3.644,15.03377086,15.03377086,1.106485952,2.220699604,1.527814774,1.509024784,0.722049001,0.024601871,0.019060521,,,,,
2013.644809,2013,1698,237,2013_237,0.123760017,1.238760772,1.115000755,0.760809063,3.701,12.90117034,12.90117034,1.213853512,2.43854711,1.579092874,1.575384251,1.439487257,0.11582594,0.113315367,,,,,
2013.647541,2013,1699,238,2013_238,0.072080168,1.238760772,1.166680604,0.679880314,8.98,28.98245304,28.98245304,0.631304672,1.387364949,1.387261936,1.348240419,0.022083201,0.022052596,0.011985793,,,,,
2013.650273,2013,1700,239,2013_239,0.508669731,1.354488452,0.845818721,0.72164712,12.86,19.17613094,19.17613094,0.884651139,2.076723159,1.637147583,1.628422273,0.521622973,0.079896185,0.075039739,,,,,
2013.653005,2013,1701,240,2013_240,0.629545036,1.347460514,0.717915477,0.671702924,13.71,18.27621948,18.27621948,0.590948679,1.407452708,1.446683131,1.441097081,0.003599063,0.009845128,0.008767807,,,,,
2013.655738,2013,1702,241,2013_241,0.474753065,1.316701931,0.841948866,0.671314348,5.463,8.807477138,8.807477138,0.58909658,1.219450621,1.311158441,1.23776425,0.009457817,3.07E-05,0.006231157,,,,,
